{
  "pred_MFR_logisticRegressionModel.json": {
    "dstar": 4.230769230769231,
    "ochiai": 4.230769230769231,
    "gp13": 4.230769230769231,
    "op2": 4.0,
    "jaccard": 4.230769230769231,
    "russell": 5.0,
    "turantula": 4.076923076923077,
    "naish1": 5.769230769230769,
    "binary": 10.538461538461538,
    "crosstab": 6.769230769230769
  },
  "pred_MFR_naiveBayesModel.json": {
    "dstar": 4.230769230769231,
    "ochiai": 4.230769230769231,
    "gp13": 4.230769230769231,
    "op2": 4.0,
    "jaccard": 4.230769230769231,
    "russell": 5.0,
    "turantula": 4.076923076923077,
    "naish1": 5.769230769230769,
    "binary": 10.538461538461538,
    "crosstab": 6.615384615384615
  },
  "pred_MFR_randomForestModel.json": {
    "dstar": 4.384615384615385,
    "ochiai": 4.230769230769231,
    "gp13": 4.384615384615385,
    "op2": 4.230769230769231,
    "jaccard": 4.230769230769231,
    "russell": 5.6923076923076925,
    "turantula": 4.0,
    "naish1": 4.846153846153846,
    "binary": 10.0,
    "crosstab": 6.0
  },
  "pred_MFR_pmt.json": {
    "dstar": 5.076923076923077,
    "ochiai": 5.076923076923077,
    "gp13": 5.384615384615385,
    "op2": 4.846153846153846,
    "jaccard": 5.076923076923077,
    "russell": 6.0,
    "turantula": 5.769230769230769,
    "naish1": 4.3076923076923075,
    "binary": 10.538461538461538,
    "crosstab": 6.615384615384615
  },
  "pred_MFR_pmbfl.json": {
    "ochiai": 1.6153846153846154
  },
  "pred_MFR_pmbfl2.json": {
    "ochiai": 2.5384615384615383
  },
  "pred_MFR_pmbfl_2.json": {
    "dstar": 2.6923076923076925,
    "ochiai": 1.4615384615384615,
    "gp13": 1.4615384615384615,
    "op2": 1.4615384615384615,
    "jaccard": 1.5384615384615385,
    "russell": 2.923076923076923,
    "turantula": 1.3846153846153846,
    "naish1": 1.4615384615384615,
    "binary": 10.076923076923077,
    "crosstab": 4.461538461538462
  },
  "pred_MFR_pmbfl_1.json": {
    "dstar": 2.6923076923076925,
    "ochiai": 1.6153846153846154,
    "gp13": 1.5384615384615385,
    "op2": 1.6153846153846154,
    "jaccard": 1.6923076923076923,
    "russell": 2.8461538461538463,
    "turantula": 1.7692307692307692,
    "naish1": 1.6153846153846154,
    "binary": 9.923076923076923,
    "crosstab": 4.6923076923076925
  },
  "pred_MFR_pmbfl_3.json": {
    "dstar": 2.6153846153846154,
    "ochiai": 1.6153846153846154,
    "gp13": 1.6153846153846154,
    "op2": 1.6153846153846154,
    "jaccard": 1.6923076923076923,
    "russell": 3.076923076923077,
    "turantula": 1.6153846153846154,
    "naish1": 1.6153846153846154,
    "binary": 10.076923076923077,
    "crosstab": 5.0
  },
  "pred_MFR_pmbfl_4.json": {
    "dstar": 2.6923076923076925,
    "ochiai": 2.0,
    "gp13": 1.9230769230769231,
    "op2": 2.0,
    "jaccard": 1.9230769230769231,
    "russell": 3.076923076923077,
    "turantula": 2.0,
    "naish1": 2.0,
    "binary": 9.538461538461538,
    "crosstab": 4.461538461538462
  },
  "pred_MFR_pmbfl_5.json": {
    "dstar": 2.6923076923076925,
    "ochiai": 1.7692307692307692,
    "gp13": 1.6923076923076923,
    "op2": 1.7692307692307692,
    "jaccard": 1.8461538461538463,
    "russell": 2.923076923076923,
    "turantula": 1.6153846153846154,
    "naish1": 1.7692307692307692,
    "binary": 9.846153846153847,
    "crosstab": 4.0
  },
  "pred_MFR_randomForestModel_20.json": {
    "dstar": 3.6153846153846154,
    "ochiai": 3.1538461538461537,
    "gp13": 3.230769230769231,
    "op2": 2.8461538461538463,
    "jaccard": 3.230769230769231,
    "russell": 4.230769230769231,
    "turantula": 3.1538461538461537,
    "naish1": 3.3076923076923075,
    "binary": 5.461538461538462,
    "crosstab": 5.153846153846154
  },
  "pred_MFR_randomForestModel_30.json": {
    "dstar": 4.3076923076923075,
    "ochiai": 2.8461538461538463,
    "gp13": 3.0,
    "op2": 2.230769230769231,
    "jaccard": 2.923076923076923,
    "russell": 4.076923076923077,
    "turantula": 2.923076923076923,
    "naish1": 2.769230769230769,
    "binary": 10.076923076923077,
    "crosstab": 4.3076923076923075
  },
  "pred_MFR_randomForestModel_40.json": {
    "dstar": 2.8461538461538463,
    "ochiai": 1.2307692307692308,
    "gp13": 1.3076923076923077,
    "op2": 1.2307692307692308,
    "jaccard": 1.3846153846153846,
    "russell": 2.6153846153846154,
    "turantula": 1.3076923076923077,
    "naish1": 1.2307692307692308,
    "binary": 10.076923076923077,
    "crosstab": 4.3076923076923075
  },
  "pred_MFR_randomForestModel_50.json": {
    "dstar": 4.076923076923077,
    "ochiai": 2.6923076923076925,
    "gp13": 2.923076923076923,
    "op2": 2.3846153846153846,
    "jaccard": 2.6923076923076925,
    "russell": 4.230769230769231,
    "turantula": 3.230769230769231,
    "naish1": 2.923076923076923,
    "binary": 9.846153846153847,
    "crosstab": 4.615384615384615
  },
  "pred_MFR_randomForestModel_10.json": {
    "dstar": 2.769230769230769,
    "ochiai": 2.4615384615384617,
    "gp13": 2.5384615384615383,
    "op2": 2.1538461538461537,
    "jaccard": 2.4615384615384617,
    "russell": 4.615384615384615,
    "turantula": 2.5384615384615383,
    "naish1": 2.076923076923077,
    "binary": 7.3076923076923075,
    "crosstab": 4.923076923076923
  },
  "pred_MFR_randomForestModel_1_2.json": {
    "dstar": 7.923076923076923,
    "ochiai": 7.923076923076923,
    "gp13": 7.923076923076923,
    "op2": 5.0,
    "jaccard": 7.923076923076923,
    "russell": 8.692307692307692,
    "turantula": 8.0,
    "naish1": 7.923076923076923,
    "binary": 6.769230769230769,
    "crosstab": 7.153846153846154
  },
  "pred_MFR_randomForestModel_2_2.json": {
    "dstar": 4.076923076923077,
    "ochiai": 4.538461538461538,
    "gp13": 4.230769230769231,
    "op2": 2.6923076923076925,
    "jaccard": 4.461538461538462,
    "russell": 5.230769230769231,
    "turantula": 4.615384615384615,
    "naish1": 6.153846153846154,
    "binary": 8.076923076923077,
    "crosstab": 4.384615384615385
  },
  "pred_MFR_randomForestModel_3_2.json": {
    "dstar": 4.769230769230769,
    "ochiai": 5.0,
    "gp13": 4.769230769230769,
    "op2": 3.769230769230769,
    "jaccard": 5.0,
    "russell": 5.769230769230769,
    "turantula": 5.0,
    "naish1": 5.230769230769231,
    "binary": 7.538461538461538,
    "crosstab": 5.230769230769231
  },
  "pred_MFR_randomForestModel_4_2.json": {
    "dstar": 3.6923076923076925,
    "ochiai": 4.076923076923077,
    "gp13": 3.8461538461538463,
    "op2": 3.3076923076923075,
    "jaccard": 4.230769230769231,
    "russell": 4.923076923076923,
    "turantula": 4.3076923076923075,
    "naish1": 3.5384615384615383,
    "binary": 5.6923076923076925,
    "crosstab": 5.3076923076923075
  },
  "pred_MFR_randomForestModel_5_2.json": {
    "dstar": 3.769230769230769,
    "ochiai": 4.076923076923077,
    "gp13": 4.153846153846154,
    "op2": 3.3846153846153846,
    "jaccard": 4.076923076923077,
    "russell": 5.076923076923077,
    "turantula": 4.230769230769231,
    "naish1": 3.6153846153846154,
    "binary": 6.384615384615385,
    "crosstab": 5.0
  },
  "pred_MFR_pmt_{i}.json": {
    "dstar": 7.615384615384615,
    "ochiai": 7.615384615384615,
    "gp13": 7.6923076923076925,
    "op2": 7.230769230769231,
    "jaccard": 7.615384615384615,
    "russell": 8.0,
    "turantula": 7.615384615384615,
    "naish1": 9.538461538461538,
    "binary": 8.23076923076923,
    "crosstab": 8.153846153846153
  },
  "pred_MFR_pmt_1.json": {
    "dstar": 6.3076923076923075,
    "ochiai": 6.3076923076923075,
    "gp13": 6.3076923076923075,
    "op2": 6.153846153846154,
    "jaccard": 6.3076923076923075,
    "russell": 6.230769230769231,
    "turantula": 6.3076923076923075,
    "naish1": 10.384615384615385,
    "binary": 10.846153846153847,
    "crosstab": 6.769230769230769
  },
  "pred_MFR_pmt_2.json": {
    "dstar": 5.076923076923077,
    "ochiai": 5.076923076923077,
    "gp13": 5.076923076923077,
    "op2": 4.923076923076923,
    "jaccard": 5.076923076923077,
    "russell": 5.153846153846154,
    "turantula": 5.076923076923077,