{
  "pred_MFR_logisticRegressionModel.json": {
    "dstar": 3.8333333333333335,
    "ochiai": 3.8333333333333335,
    "gp13": 3.8333333333333335,
    "op2": 3.8333333333333335,
    "jaccard": 3.8333333333333335,
    "russell": 5.0,
    "turantula": 3.8333333333333335,
    "naish1": 4.5,
    "binary": 7.5,
    "crosstab": 6.833333333333333
  },
  "pred_MFR_naiveBayesModel.json": {
    "dstar": 4.0,
    "ochiai": 4.0,
    "gp13": 4.0,
    "op2": 4.0,
    "jaccard": 4.0,
    "russell": 5.666666666666667,
    "turantula": 4.0,
    "naish1": 4.0,
    "binary": 7.5,
    "crosstab": 6.333333333333333
  },
  "pred_MFR_randomForestModel.json": {
    "dstar": 3.1666666666666665,
    "ochiai": 3.1666666666666665,
    "gp13": 3.1666666666666665,
    "op2": 3.1666666666666665,
    "jaccard": 3.1666666666666665,
    "russell": 5.666666666666667,
    "turantula": 3.1666666666666665,
    "naish1": 4.0,
    "binary": 7.5,
    "crosstab": 5.833333333333333
  },
  "pred_MFR_pmt.json": {
    "dstar": 4.666666666666667,
    "ochiai": 4.666666666666667,
    "gp13": 4.666666666666667,
    "op2": 4.666666666666667,
    "jaccard": 4.666666666666667,
    "russell": 5.5,
    "turantula": 4.666666666666667,
    "naish1": 5.0,
    "binary": 7.5,
    "crosstab": 7.166666666666667
  },
  "pred_MFR_pmbfl.json": {
    "ochiai": 2.0
  },
  "pred_MFR_pmbfl2.json": {
    "ochiai": 3.1666666666666665
  },
  "pred_MFR_pmbfl_2.json": {
    "dstar": 3.6666666666666665,
    "ochiai": 1.6666666666666667,
    "gp13": 1.6666666666666667,
    "op2": 1.8333333333333333,
    "jaccard": 1.6666666666666667,
    "russell": 2.8333333333333335,
    "turantula": 1.8333333333333333,
    "naish1": 2.5,
    "binary": 6.666666666666667,
    "crosstab": 6.0
  },
  "pred_MFR_pmbfl_1.json": {
    "dstar": 3.8333333333333335,
    "ochiai": 2.0,
    "gp13": 1.8333333333333333,
    "op2": 2.0,
    "jaccard": 2.0,
    "russell": 2.8333333333333335,
    "turantula": 2.0,
    "naish1": 2.6666666666666665,
    "binary": 6.833333333333333,
    "crosstab": 5.5
  },
  "pred_MFR_pmbfl_3.json": {
    "dstar": 3.8333333333333335,
    "ochiai": 1.8333333333333333,
    "gp13": 1.6666666666666667,
    "op2": 1.8333333333333333,
    "jaccard": 1.8333333333333333,
    "russell": 2.6666666666666665,
    "turantula": 2.0,
    "naish1": 2.6666666666666665,
    "binary": 6.833333333333333,
    "crosstab": 6.0
  },
  "pred_MFR_pmbfl_4.json": {
    "dstar": 3.1666666666666665,
    "ochiai": 1.3333333333333333,
    "gp13": 1.0,
    "op2": 1.1666666666666667,
    "jaccard": 1.5,
    "russell": 2.8333333333333335,
    "turantula": 1.3333333333333333,
    "naish1": 2.0,
    "binary": 6.666666666666667,
    "crosstab": 6.166666666666667
  },
  "pred_MFR_pmbfl_5.json": {
    "dstar": 3.6666666666666665,
    "ochiai": 1.8333333333333333,
    "gp13": 1.5,
    "op2": 1.6666666666666667,
    "jaccard": 1.8333333333333333,
    "russell": 2.6666666666666665,
    "turantula": 1.8333333333333333,
    "naish1": 2.5,
    "binary": 6.333333333333333,
    "crosstab": 6.166666666666667
  },
  "pred_MFR_randomForestModel_20.json": {
    "dstar": 3.1666666666666665,
    "ochiai": 3.1666666666666665,
    "gp13": 3.1666666666666665,
    "op2": 2.5,
    "jaccard": 2.8333333333333335,
    "russell": 4.833333333333333,
    "turantula": 3.1666666666666665,
    "naish1": 4.333333333333333,
    "binary": 3.3333333333333335,
    "crosstab": 5.5
  },
  "pred_MFR_randomForestModel_30.json": {
    "dstar": 3.1666666666666665,
    "ochiai": 1.3333333333333333,
    "gp13": 1.3333333333333333,
    "op2": 1.3333333333333333,
    "jaccard": 1.3333333333333333,
    "russell": 2.8333333333333335,
    "turantula": 1.3333333333333333,
    "naish1": 2.0,
    "binary": 6.666666666666667,
    "crosstab": 5.5
  },
  "pred_MFR_randomForestModel_40.json": {
    "dstar": 4.333333333333333,
    "ochiai": 1.8333333333333333,
    "gp13": 1.6666666666666667,
    "op2": 1.8333333333333333,
    "jaccard": 1.8333333333333333,
    "russell": 2.8333333333333335,
    "turantula": 1.6666666666666667,
    "naish1": 2.6666666666666665,
    "binary": 6.833333333333333,
    "crosstab": 6.0
  },
  "pred_MFR_randomForestModel_50.json": {
    "dstar": 4.333333333333333,
    "ochiai": 1.1666666666666667,
    "gp13": 1.0,
    "op2": 1.3333333333333333,
    "jaccard": 1.1666666666666667,
    "russell": 2.6666666666666665,
    "turantula": 1.1666666666666667,
    "naish1": 2.0,
    "binary": 6.666666666666667,
    "crosstab": 5.666666666666667
  },
  "pred_MFR_randomForestModel_10.json": {
    "dstar": 2.5,
    "ochiai": 2.5,
    "gp13": 2.1666666666666665,
    "op2": 1.8333333333333333,
    "jaccard": 1.8333333333333333,
    "russell": 3.0,
    "turantula": 1.3333333333333333,
    "naish1": 2.1666666666666665,
    "binary": 3.3333333333333335,
    "crosstab": 6.5
  },
  "pred_MFR_randomForestModel_2_2.json": {
    "dstar": 6.0,
    "ochiai": 6.0,
    "gp13": 6.333333333333333,
    "op2": 5.166666666666667,
    "jaccard": 6.0,
    "russell": 6.5,
    "turantula": 6.333333333333333,
    "naish1": 6.166666666666667,
    "binary": 2.0,
    "crosstab": 6.333333333333333
  },
  "pred_MFR_randomForestModel_3_2.json": {
    "dstar": 3.6666666666666665,
    "ochiai": 3.8333333333333335,
    "gp13": 3.8333333333333335,
    "op2": 2.5,
    "jaccard": 3.8333333333333335,
    "russell": 4.333333333333333,
    "turantula": 3.8333333333333335,
    "naish1": 4.833333333333333,
    "binary": 2.8333333333333335,
    "crosstab": 4.833333333333333
  },
  "pred_MFR_randomForestModel_4_2.json": {
    "dstar": 2.6666666666666665,
    "ochiai": 2.8333333333333335,
    "gp13": 2.8333333333333335,
    "op2": 1.3333333333333333,
    "jaccard": 3.0,
    "russell": 4.0,
    "turantula": 2.8333333333333335,
    "naish1": 4.0,
    "binary": 3.1666666666666665,
    "crosstab": 4.666666666666667
  },
  "pred_MFR_randomForestModel_5_2.json": {
    "dstar": 3.5,
    "ochiai": 2.6666666666666665,
    "gp13": 2.5,
    "op2": 1.6666666666666667,
    "jaccard": 2.5,
    "russell": 2.8333333333333335,
    "turantula": 2.6666666666666665,
    "naish1": 3.1666666666666665,
    "binary": 4.0,
    "crosstab": 5.333333333333333
  },
  "pred_MFR_pmt_{i}.json": {
    "dstar": 6.666666666666667,
    "ochiai": 6.666666666666667,
    "gp13": 6.666666666666667,
    "op2": 6.666666666666667,
    "jaccard": 6.666666666666667,
    "russell": 6.666666666666667,
    "turantula": 6.666666666666667,
    "naish1": 6.5,
    "binary": 7.5,
    "crosstab": 7.5
  },
  "pred_MFR_pmt_1.json": {
    "dstar": 3.6666666666666665,
    "ochiai": 3.6666666666666665,
    "gp13": 3.6666666666666665,
    "op2": 3.6666666666666665,
    "jaccard": 3.6666666666666665,
    "russell": 3.6666666666666665,
    "turantula": 3.6666666666666665,
    "naish1": 4.833333333333333,
    "binary": 7.5,
    "crosstab": 6.333333333333333
  },
  "pred_MFR_pmt_2.json": {
    "dstar": 3.0,
    "ochiai": 3.0,
    "gp13": 3.0,
    "op2": 3.0,
    "jaccard": 3.0,
    "russell": 3.0,
    "turantula": 3.0,
    "naish1": 3.8333333333333335,
    "binary": 5.833333333333333,
    "crosstab": 6.666666666666667
  },
  "pred_MFR_pmt_3.json": {
    "dstar": 4.166666666666667,
    "ochiai": 4.166666666666667,
    "gp13": 4.166666666666667,
    "op2": 3.6666666666666665,
    "jaccard": 4.166666666666667,
    "russell": 4.166666666666667,
    "turantula": 4.166666666666667,
    "naish1": 5.0,
    "binary": 7.5,
    "crosstab": 6.166666666666667
  },
  "pred_MFR_pmt_4.json": {
    "dstar": 4.166666666666667,
    "ochiai": 4.166666666666667,
    "gp13": 4.166666666666667,
    "op2": 4.166666666666667,
    "jaccard": 4.166666666666667,
    "russell": 4.833333333333333,
    "turantula": 4.166666666666667,
    "naish1": 5.166666666666667,
    "binary": 5.833333333333333,
    "crosstab": 6.333333333333333
  },
  "pred_MFR_pmt_5.json": {
    "dstar": 3.0,
    "ochiai": 3.0,
    "gp13": 3.0,
    "op2": 3.0,
    "jaccard": 3.0,
    "russell": 3.1666666666666665,
    "turantula": 3.0,
    "naish1": 4.166666666666667,