{
  "pred_MFR_logisticRegressionModel.json": {
    "dstar": 9.208333333333334,
    "ochiai": 9.416666666666666,
    "gp13": 9.416666666666666,
    "op2": 9.25,
    "jaccard": 9.375,
    "russell": 10.458333333333334,
    "turantula": 9.958333333333334,
    "naish1": 9.333333333333334,
    "binary": 29.125,
    "crosstab": 26.0
  },
  "pred_MFR_randomForestModel.json": {
    "dstar": 8.583333333333334,
    "ochiai": 8.791666666666666,
    "gp13": 8.791666666666666,
    "op2": 8.291666666666666,
    "jaccard": 8.875,
    "russell": 12.375,
    "turantula": 10.291666666666666,
    "naish1": 8.291666666666666,
    "binary": 28.375,
    "crosstab": 25.5
  },
  "pred_MFR_naiveBayesModel.json": {
    "dstar": 16.083333333333332,
    "ochiai": 16.291666666666668,
    "gp13": 16.291666666666668,
    "op2": 16.125,
    "jaccard": 16.291666666666668,
    "russell": 21.833333333333332,
    "turantula": 16.291666666666668,
    "naish1": 15.708333333333334,
    "binary": 24.791666666666668,
    "crosstab": 26.375
  },
  "pred_MFR_pmt.json": {
    "dstar": 7.291666666666667,
    "ochiai": 7.5,
    "gp13": 7.5,
    "op2": 7.5,
    "jaccard": 7.5,
    "russell": 8.458333333333334,
    "turantula": 9.041666666666666,
    "naish1": 7.875,
    "binary": 29.208333333333332,
    "crosstab": 26.458333333333332
  },
  "pred_MFR_pmbfl.json": {
    "ochiai": 1.25
  },
  "pred_MFR_pmbfl2.json": {
    "ochiai": 8.5
  },
  "pred_MFR_pmbfl_2.json": {
    "dstar": 7.791666666666667,
    "ochiai": 1.3333333333333333,
    "gp13": 1.3333333333333333,
    "op2": 1.2916666666666667,
    "jaccard": 1.25,
    "russell": 3.2083333333333335,
    "turantula": 1.625,
    "naish1": 1.8333333333333333,
    "binary": 28.208333333333332,
    "crosstab": 17.291666666666668
  },
  "pred_MFR_pmbfl_1.json": {
    "dstar": 8.0,
    "ochiai": 1.3333333333333333,
    "gp13": 1.3333333333333333,
    "op2": 1.2916666666666667,
    "jaccard": 1.2916666666666667,
    "russell": 3.2083333333333335,
    "turantula": 1.625,
    "naish1": 1.8333333333333333,
    "binary": 28.041666666666668,
    "crosstab": 17.541666666666668
  },
  "pred_MFR_pmbfl_3.json": {
    "dstar": 7.541666666666667,
    "ochiai": 1.3333333333333333,
    "gp13": 1.2916666666666667,
    "op2": 1.2916666666666667,
    "jaccard": 1.25,
    "russell": 3.25,
    "turantula": 1.625,
    "naish1": 1.8333333333333333,
    "binary": 28.041666666666668,
    "crosstab": 17.5
  },
  "pred_MFR_pmbfl_4.json": {
    "dstar": 7.625,
    "ochiai": 1.4166666666666667,
    "gp13": 1.4166666666666667,
    "op2": 1.375,
    "jaccard": 1.3333333333333333,
    "russell": 3.2916666666666665,
    "turantula": 1.7083333333333333,
    "naish1": 1.9166666666666667,
    "binary": 28.125,
    "crosstab": 17.416666666666668
  },
  "pred_MFR_pmbfl_5.json": {
    "dstar": 6.666666666666667,
    "ochiai": 1.1666666666666667,
    "gp13": 1.2083333333333333,
    "op2": 1.2083333333333333,
    "jaccard": 1.1666666666666667,
    "russell": 3.3333333333333335,
    "turantula": 1.5416666666666667,
    "naish1": 1.7916666666666667,
    "binary": 28.041666666666668,
    "crosstab": 17.666666666666668
  },
  "pred_MFR_randomForestModel_20.json": {
    "dstar": 3.5,
    "ochiai": 0.9583333333333334,
    "gp13": 1.0,
    "op2": 1.0833333333333333,
    "jaccard": 1.1666666666666667,
    "russell": 1.9166666666666667,
    "turantula": 1.0,
    "naish1": 2.25,
    "binary": 17.791666666666668,
    "crosstab": 19.875
  },
  "pred_MFR_randomForestModel_30.json": {
    "dstar": 8.791666666666666,
    "ochiai": 1.1666666666666667,
    "gp13": 1.125,
    "op2": 1.0833333333333333,
    "jaccard": 1.125,
    "russell": 3.0833333333333335,
    "turantula": 1.4166666666666667,
    "naish1": 1.6666666666666667,
    "binary": 28.25,
    "crosstab": 17.5
  },
  "pred_MFR_randomForestModel_40.json": {
    "dstar": 9.208333333333334,
    "ochiai": 1.4166666666666667,
    "gp13": 1.375,
    "op2": 1.3333333333333333,
    "jaccard": 1.4166666666666667,
    "russell": 3.0,
    "turantula": 1.6666666666666667,
    "naish1": 1.9166666666666667,
    "binary": 27.666666666666668,
    "crosstab": 17.333333333333332
  },
  "pred_MFR_randomForestModel_50.json": {
    "dstar": 8.166666666666666,
    "ochiai": 1.3333333333333333,
    "gp13": 1.3333333333333333,
    "op2": 1.1666666666666667,
    "jaccard": 1.3333333333333333,
    "russell": 3.2083333333333335,
    "turantula": 1.5833333333333333,
    "naish1": 1.8333333333333333,
    "binary": 28.0,
    "crosstab": 17.166666666666668
  },
  "pred_MFR_randomForestModel_10.json": {
    "dstar": 3.4583333333333335,
    "ochiai": 1.4166666666666667,
    "gp13": 1.4166666666666667,
    "op2": 1.5,
    "jaccard": 1.3333333333333333,
    "russell": 5.291666666666667,
    "turantula": 1.375,
    "naish1": 2.5,
    "binary": 19.458333333333332,
    "crosstab": 20.166666666666668
  },
  "pred_MFR_randomForestModel_1_2.json": {
    "dstar": 17.583333333333332,
    "ochiai": 17.583333333333332,
    "gp13": 17.583333333333332,
    "op2": 15.916666666666666,
    "jaccard": 17.583333333333332,
    "russell": 17.916666666666668,
    "turantula": 17.583333333333332,
    "naish1": 19.208333333333332,
    "binary": 9.333333333333334,
    "crosstab": 19.083333333333332
  },
  "pred_MFR_randomForestModel_2_2.json": {
    "dstar": 16.416666666666668,
    "ochiai": 16.541666666666668,
    "gp13": 16.291666666666668,
    "op2": 13.541666666666666,
    "jaccard": 16.541666666666668,
    "russell": 17.208333333333332,
    "turantula": 16.541666666666668,
    "naish1": 16.0,
    "binary": 15.375,
    "crosstab": 22.0
  },
  "pred_MFR_randomForestModel_3_2.json": {
    "dstar": 8.0,
    "ochiai": 5.583333333333333,
    "gp13": 5.625,
    "op2": 5.125,
    "jaccard": 5.625,
    "russell": 6.583333333333333,
    "turantula": 5.583333333333333,
    "naish1": 8.291666666666666,
    "binary": 18.458333333333332,
    "crosstab": 22.833333333333332
  },
  "pred_MFR_randomForestModel_4_2.json": {
    "dstar": 9.166666666666666,
    "ochiai": 12.791666666666666,
    "gp13": 12.791666666666666,
    "op2": 11.166666666666666,
    "jaccard": 12.708333333333334,
    "russell": 14.166666666666666,
    "turantula": 12.916666666666666,
    "naish1": 13.291666666666666,
    "binary": 13.708333333333334,
    "crosstab": 22.708333333333332
  },
  "pred_MFR_randomForestModel_5_2.json": {
    "dstar": 6.291666666666667,
    "ochiai": 5.541666666666667,
    "gp13": 5.625,
    "op2": 5.125,
    "jaccard": 5.416666666666667,
    "russell": 7.291666666666667,
    "turantula": 5.666666666666667,
    "naish1": 6.25,
    "binary": 18.5,
    "crosstab": 20.625
  },
  "pred_MFR_pmt_{i}.json": {
    "dstar": 13.708333333333334,
    "ochiai": 13.666666666666666,
    "gp13": 13.666666666666666,
    "op2": 13.333333333333334,
    "jaccard": 13.666666666666666,
    "russell": 13.791666666666666,
    "turantula": 13.833333333333334,
    "naish1": 13.416666666666666,
    "binary": 20.5,
    "crosstab": 27.583333333333332
  },
  "pred_MFR_pmt_1.json": {
    "dstar": 11.666666666666666,
    "ochiai": 11.666666666666666,
    "gp13": 11.666666666666666,
    "op2": 11.541666666666666,
    "jaccard": 11.666666666666666,
    "russell": 11.708333333333334,
    "turantula": 11.666666666666666,
    "naish1": 14.583333333333334,
    "binary": 29.75,
    "crosstab": 26.458333333333332
  },
  "pred_MFR_pmt_2.json": {
    "dstar": 13.958333333333334,
    "ochiai": 13.958333333333334,
    "gp13": 13.958333333333334,
    "op2": 13.625,
    "jaccard": 13.958333333333334,
    "russell": 14.0,
    "turantula": 13.958333333333334,
    "naish1": 17.833333333333332,
    "binary": 25.708333333333332,
    "crosstab": 25.375
  },
  "pred_MFR_pmt_3.json": {
    "dstar": 15.666666666666666,
    "ochiai": 15.666666666666666,
    "gp13": 15.666666666666666,
    "op2": 15.208333333333334,
    "jaccard": 15.666666666666666,
    "russell": 15.75,
    "turantula": 15.708333333333334,
    "naish1": 19.75,
    "binary": 23.791666666666668,