{
  "pred_MFR_logisticRegressionModel.json": {
    "dstar": 7.413043478260869,
    "ochiai": 7.413043478260869,
    "gp13": 7.413043478260869,
    "op2": 7.260869565217392,
    "jaccard": 7.413043478260869,
    "russell": 9.021739130434783,
    "turantula": 7.760869565217392,
    "naish1": 9.543478260869565,
    "binary": 15.91304347826087,
    "crosstab": 12.456521739130435
  },
  "pred_MFR_randomForestModel.json": {
    "dstar": 6.434782608695652,
    "ochiai": 6.260869565217392,
    "gp13": 6.434782608695652,
    "op2": 6.1521739130434785,
    "jaccard": 6.282608695652174,
    "russell": 10.717391304347826,
    "turantula": 6.369565217391305,
    "naish1": 8.26086956521739,
    "binary": 14.91304347826087,
    "crosstab": 12.26086956521739
  },
  "pred_MFR_naiveBayesModel.json": {
    "dstar": 7.021739130434782,
    "ochiai": 7.021739130434782,
    "gp13": 7.021739130434782,
    "op2": 6.978260869565218,
    "jaccard": 7.021739130434782,
    "russell": 13.304347826086957,
    "turantula": 7.239130434782608,
    "naish1": 7.934782608695652,
    "binary": 12.978260869565217,
    "crosstab": 12.282608695652174
  },
  "pred_MFR_pmt.json": {
    "dstar": 6.739130434782608,
    "ochiai": 6.826086956521739,
    "gp13": 6.739130434782608,
    "op2": 6.586956521739131,
    "jaccard": 6.739130434782608,
    "russell": 8.195652173913043,
    "turantula": 7.239130434782608,
    "naish1": 9.08695652173913,
    "binary": 15.978260869565217,
    "crosstab": 12.434782608695652
  },
  "pred_MFR_pmbfl.json": {
    "ochiai": 3.152173913043478
  },
  "pred_MFR_pmbfl2.json": {
    "ochiai": 4.8478260869565215
  },
  "pred_MFR_pmbfl_2.json": {
    "dstar": 4.543478260869565,
    "ochiai": 3.0217391304347827,
    "gp13": 2.9782608695652173,
    "op2": 2.9130434782608696,
    "jaccard": 3.0869565217391304,
    "russell": 5.434782608695652,
    "turantula": 2.9565217391304346,
    "naish1": 5.065217391304348,
    "binary": 14.304347826086957,
    "crosstab": 10.130434782608695
  },
  "pred_MFR_pmbfl_1.json": {
    "dstar": 4.608695652173913,
    "ochiai": 2.891304347826087,
    "gp13": 2.9130434782608696,
    "op2": 2.891304347826087,
    "jaccard": 2.9565217391304346,
    "russell": 5.586956521739131,
    "turantula": 2.891304347826087,
    "naish1": 4.978260869565218,
    "binary": 14.065217391304348,
    "crosstab": 10.08695652173913
  },
  "pred_MFR_pmbfl_3.json": {
    "dstar": 4.608695652173913,
    "ochiai": 2.9130434782608696,
    "gp13": 2.9565217391304346,
    "op2": 2.9565217391304346,
    "jaccard": 3.0,
    "russell": 5.608695652173913,
    "turantula": 2.9565217391304346,
    "naish1": 4.934782608695652,
    "binary": 14.326086956521738,
    "crosstab": 10.23913043478261
  },
  "pred_MFR_pmbfl_4.json": {
    "dstar": 4.521739130434782,
    "ochiai": 2.891304347826087,
    "gp13": 2.8260869565217392,
    "op2": 2.782608695652174,
    "jaccard": 3.0,
    "russell": 5.369565217391305,
    "turantula": 2.760869565217391,
    "naish1": 4.891304347826087,
    "binary": 14.108695652173912,
    "crosstab": 10.282608695652174
  },
  "pred_MFR_pmbfl_5.json": {
    "dstar": 4.739130434782608,
    "ochiai": 3.0869565217391304,
    "gp13": 3.1739130434782608,
    "op2": 3.0652173913043477,
    "jaccard": 3.1956521739130435,
    "russell": 5.586956521739131,
    "turantula": 3.0217391304347827,
    "naish1": 5.021739130434782,
    "binary": 14.217391304347826,
    "crosstab": 10.152173913043478
  },
  "pred_MFR_randomForestModel_20.json": {
    "dstar": 3.369565217391304,
    "ochiai": 2.608695652173913,
    "gp13": 2.739130434782609,
    "op2": 2.5869565217391304,
    "jaccard": 2.717391304347826,
    "russell": 4.869565217391305,
    "turantula": 2.608695652173913,
    "naish1": 4.760869565217392,
    "binary": 10.695652173913043,
    "crosstab": 10.521739130434783
  },
  "pred_MFR_randomForestModel_30.json": {
    "dstar": 4.1521739130434785,
    "ochiai": 2.3260869565217392,
    "gp13": 2.4130434782608696,
    "op2": 2.347826086956522,
    "jaccard": 2.4130434782608696,
    "russell": 5.304347826086956,
    "turantula": 2.391304347826087,
    "naish1": 4.521739130434782,
    "binary": 13.826086956521738,
    "crosstab": 9.608695652173912
  },
  "pred_MFR_randomForestModel_40.json": {
    "dstar": 4.326086956521739,
    "ochiai": 2.5652173913043477,
    "gp13": 2.5434782608695654,
    "op2": 2.4130434782608696,
    "jaccard": 2.782608695652174,
    "russell": 5.369565217391305,
    "turantula": 2.5434782608695654,
    "naish1": 4.717391304347826,
    "binary": 13.978260869565217,
    "crosstab": 9.782608695652174
  },
  "pred_MFR_randomForestModel_50.json": {
    "dstar": 4.1521739130434785,
    "ochiai": 2.5869565217391304,
    "gp13": 2.608695652173913,
    "op2": 2.5217391304347827,
    "jaccard": 2.717391304347826,
    "russell": 5.478260869565218,
    "turantula": 2.5869565217391304,
    "naish1": 4.673913043478261,
    "binary": 14.0,
    "crosstab": 9.804347826086957
  },
  "pred_MFR_randomForestModel_10.json": {
    "dstar": 5.586956521739131,
    "ochiai": 5.456521739130435,
    "gp13": 5.413043478260869,
    "op2": 4.695652173913044,
    "jaccard": 5.5,
    "russell": 7.456521739130435,
    "turantula": 5.434782608695652,
    "naish1": 5.804347826086956,
    "binary": 12.173913043478262,
    "crosstab": 11.804347826086957
  },
  "pred_MFR_randomForestModel_1_2.json": {
    "dstar": 10.282608695652174,
    "ochiai": 10.130434782608695,
    "gp13": 10.130434782608695,
    "op2": 8.826086956521738,
    "jaccard": 10.130434782608695,
    "russell": 11.826086956521738,
    "turantula": 10.130434782608695,
    "naish1": 11.08695652173913,
    "binary": 13.26086956521739,
    "crosstab": 12.543478260869565
  },
  "pred_MFR_randomForestModel_2_2.json": {
    "dstar": 8.5,
    "ochiai": 9.173913043478262,
    "gp13": 9.173913043478262,
    "op2": 7.804347826086956,
    "jaccard": 9.152173913043478,
    "russell": 10.630434782608695,
    "turantula": 9.130434782608695,
    "naish1": 9.41304347826087,
    "binary": 9.891304347826088,
    "crosstab": 12.282608695652174
  },
  "pred_MFR_randomForestModel_3_2.json": {
    "dstar": 6.304347826086956,
    "ochiai": 6.434782608695652,
    "gp13": 6.586956521739131,
    "op2": 5.434782608695652,
    "jaccard": 6.456521739130435,
    "russell": 8.304347826086957,
    "turantula": 6.369565217391305,
    "naish1": 8.73913043478261,
    "binary": 10.652173913043478,
    "crosstab": 10.369565217391305
  },
  "pred_MFR_randomForestModel_4_2.json": {
    "dstar": 6.804347826086956,
    "ochiai": 6.282608695652174,
    "gp13": 6.239130434782608,
    "op2": 5.695652173913044,
    "jaccard": 6.282608695652174,
    "russell": 7.630434782608695,
    "turantula": 6.195652173913044,
    "naish1": 7.3478260869565215,
    "binary": 10.934782608695652,
    "crosstab": 11.978260869565217
  },
  "pred_MFR_randomForestModel_5_2.json": {
    "dstar": 5.695652173913044,
    "ochiai": 5.413043478260869,
    "gp13": 5.304347826086956,
    "op2": 4.608695652173913,
    "jaccard": 5.369565217391305,
    "russell": 7.391304347826087,
    "turantula": 5.260869565217392,
    "naish1": 6.195652173913044,
    "binary": 10.130434782608695,
    "crosstab": 11.804347826086957
  },
  "pred_MFR_pmt_{i}.json": {
    "dstar": 11.652173913043478,
    "ochiai": 11.630434782608695,
    "gp13": 11.630434782608695,
    "op2": 11.326086956521738,
    "jaccard": 11.630434782608695,
    "russell": 11.76086956521739,
    "turantula": 11.695652173913043,
    "naish1": 12.152173913043478,
    "binary": 14.108695652173912,
    "crosstab": 14.347826086956522
  },
  "pred_MFR_pmt_1.json": {
    "dstar": 11.282608695652174,
    "ochiai": 11.282608695652174,
    "gp13": 11.282608695652174,
    "op2": 11.282608695652174,
    "jaccard": 11.282608695652174,
    "russell": 11.304347826086957,
    "turantula": 11.282608695652174,
    "naish1": 13.347826086956522,
    "binary": 14.891304347826088,
    "crosstab": 13.891304347826088
  },
  "pred_MFR_pmt_2.json": {
    "dstar": 10.5,