{
  "pred_MFR_logisticRegressionModel.json": {
    "dstar": 13.333333333333334,
    "ochiai": 14.0,
    "gp13": 13.583333333333334,
    "op2": 12.583333333333334,
    "jaccard": 13.916666666666666,
    "russell": 19.083333333333332,
    "turantula": 13.833333333333334,
    "naish1": 18.75,
    "binary": 51.416666666666664,
    "crosstab": 38.75
  },
  "pred_MFR_randomForestModel.json": {
    "dstar": 13.833333333333334,
    "ochiai": 14.0,
    "gp13": 14.083333333333334,
    "op2": 12.916666666666666,
    "jaccard": 14.0,
    "russell": 24.333333333333332,
    "turantula": 13.916666666666666,
    "naish1": 14.166666666666666,
    "binary": 50.333333333333336,
    "crosstab": 39.333333333333336
  },
  "pred_MFR_naiveBayesModel.json": {
    "dstar": 22.333333333333332,
    "ochiai": 22.583333333333332,
    "gp13": 22.5,
    "op2": 22.083333333333332,
    "jaccard": 22.583333333333332,
    "russell": 42.666666666666664,
    "turantula": 22.583333333333332,
    "naish1": 20.666666666666668,
    "binary": 41.25,
    "crosstab": 36.083333333333336
  },
  "pred_MFR_pmt.json": {
    "dstar": 15.583333333333334,
    "ochiai": 15.833333333333334,
    "gp13": 15.833333333333334,
    "op2": 15.166666666666666,
    "jaccard": 15.833333333333334,
    "russell": 20.25,
    "turantula": 15.833333333333334,
    "naish1": 23.25,
    "binary": 51.5,
    "crosstab": 36.75
  },
  "pred_MFR_pmbfl.json": {
    "ochiai": 6.666666666666667
  },
  "pred_MFR_pmbfl2.json": {
    "ochiai": 15.25
  },
  "pred_MFR_pmbfl_2.json": {
    "dstar": 11.5,
    "ochiai": 4.166666666666667,
    "gp13": 3.0833333333333335,
    "op2": 2.8333333333333335,
    "jaccard": 4.916666666666667,
    "russell": 9.166666666666666,
    "turantula": 3.5,
    "naish1": 3.25,
    "binary": 49.083333333333336,
    "crosstab": 32.5
  },
  "pred_MFR_pmbfl_1.json": {
    "dstar": 14.666666666666666,
    "ochiai": 6.916666666666667,
    "gp13": 5.75,
    "op2": 4.916666666666667,
    "jaccard": 7.333333333333333,
    "russell": 11.25,
    "turantula": 5.833333333333333,
    "naish1": 5.916666666666667,
    "binary": 48.666666666666664,
    "crosstab": 31.833333333333332
  },
  "pred_MFR_pmbfl_3.json": {
    "dstar": 11.416666666666666,
    "ochiai": 3.6666666666666665,
    "gp13": 3.0,
    "op2": 2.8333333333333335,
    "jaccard": 4.25,
    "russell": 9.25,
    "turantula": 3.4166666666666665,
    "naish1": 3.3333333333333335,
    "binary": 49.0,
    "crosstab": 31.0
  },
  "pred_MFR_pmbfl_4.json": {
    "dstar": 11.333333333333334,
    "ochiai": 3.5833333333333335,
    "gp13": 3.3333333333333335,
    "op2": 3.0,
    "jaccard": 3.9166666666666665,
    "russell": 9.083333333333334,
    "turantula": 3.25,
    "naish1": 3.3333333333333335,
    "binary": 48.833333333333336,
    "crosstab": 30.75
  },
  "pred_MFR_pmbfl_5.json": {
    "dstar": 13.833333333333334,
    "ochiai": 5.833333333333333,
    "gp13": 5.333333333333333,
    "op2": 4.583333333333333,
    "jaccard": 6.083333333333333,
    "russell": 11.5,
    "turantula": 5.5,
    "naish1": 10.083333333333334,
    "binary": 48.666666666666664,
    "crosstab": 31.333333333333332
  },
  "pred_MFR_randomForestModel_20.json": {
    "dstar": 11.5,
    "ochiai": 9.666666666666666,
    "gp13": 10.333333333333334,
    "op2": 8.666666666666666,
    "jaccard": 9.333333333333334,
    "russell": 19.916666666666668,
    "turantula": 9.916666666666666,
    "naish1": 18.666666666666668,
    "binary": 40.083333333333336,
    "crosstab": 33.166666666666664
  },
  "pred_MFR_randomForestModel_30.json": {
    "dstar": 10.083333333333334,
    "ochiai": 2.8333333333333335,
    "gp13": 2.75,
    "op2": 2.75,
    "jaccard": 3.0833333333333335,
    "russell": 8.25,
    "turantula": 2.8333333333333335,
    "naish1": 7.5,
    "binary": 49.083333333333336,
    "crosstab": 30.416666666666668
  },
  "pred_MFR_randomForestModel_40.json": {
    "dstar": 10.75,
    "ochiai": 2.9166666666666665,
    "gp13": 2.4166666666666665,
    "op2": 2.75,
    "jaccard": 3.25,
    "russell": 8.666666666666666,
    "turantula": 2.8333333333333335,
    "naish1": 2.9166666666666665,
    "binary": 49.166666666666664,
    "crosstab": 30.75
  },
  "pred_MFR_randomForestModel_50.json": {
    "dstar": 10.083333333333334,
    "ochiai": 2.5833333333333335,
    "gp13": 2.0,
    "op2": 1.9166666666666667,
    "jaccard": 3.25,
    "russell": 8.25,
    "turantula": 2.4166666666666665,
    "naish1": 2.0833333333333335,
    "binary": 49.0,
    "crosstab": 31.0
  },
  "pred_MFR_randomForestModel_10.json": {
    "dstar": 18.833333333333332,
    "ochiai": 17.5,
    "gp13": 17.75,
    "op2": 15.916666666666666,
    "jaccard": 17.5,
    "russell": 24.833333333333332,
    "turantula": 17.833333333333332,
    "naish1": 25.75,
    "binary": 30.75,
    "crosstab": 32.583333333333336
  },
  "pred_MFR_randomForestModel_1_2.json": {
    "dstar": 25.916666666666668,
    "ochiai": 28.166666666666668,
    "gp13": 28.166666666666668,
    "op2": 23.916666666666668,
    "jaccard": 28.166666666666668,
    "russell": 32.75,
    "turantula": 28.166666666666668,
    "naish1": 35.166666666666664,
    "binary": 44.0,
    "crosstab": 32.25
  },
  "pred_MFR_randomForestModel_2_2.json": {
    "dstar": 21.583333333333332,
    "ochiai": 21.5,
    "gp13": 22.166666666666668,
    "op2": 19.666666666666668,
    "jaccard": 21.5,
    "russell": 30.083333333333332,
    "turantula": 22.083333333333332,
    "naish1": 30.333333333333332,
    "binary": 51.25,
    "crosstab": 37.083333333333336
  },
  "pred_MFR_randomForestModel_3_2.json": {
    "dstar": 23.75,
    "ochiai": 23.75,
    "gp13": 23.25,
    "op2": 20.416666666666668,
    "jaccard": 23.833333333333332,
    "russell": 25.583333333333332,
    "turantula": 23.416666666666668,
    "naish1": 32.75,
    "binary": 47.416666666666664,
    "crosstab": 34.416666666666664
  },
  "pred_MFR_randomForestModel_4_2.json": {
    "dstar": 13.25,
    "ochiai": 12.583333333333334,
    "gp13": 12.75,
    "op2": 10.666666666666666,
    "jaccard": 12.583333333333334,
    "russell": 18.333333333333332,
    "turantula": 12.75,
    "naish1": 17.666666666666668,
    "binary": 34.666666666666664,
    "crosstab": 34.833333333333336
  },
  "pred_MFR_randomForestModel_5_2.json": {
    "dstar": 9.583333333333334,
    "ochiai": 10.833333333333334,
    "gp13": 10.166666666666666,
    "op2": 8.166666666666666,
    "jaccard": 11.166666666666666,
    "russell": 13.666666666666666,
    "turantula": 11.25,
    "naish1": 13.166666666666666,
    "binary": 20.25,
    "crosstab": 34.083333333333336
  },
  "pred_MFR_pmt_{i}.json": {
    "dstar": 44.416666666666664,
    "ochiai": 44.416666666666664,
    "gp13": 44.416666666666664,
    "op2": 41.083333333333336,
    "jaccard": 44.416666666666664,
    "russell": 45.25,
    "turantula": 44.416666666666664,
    "naish1": 46.25,
    "binary": 52.833333333333336,
    "crosstab": 46.166666666666664
  },
  "pred_MFR_pmt_1.json": {
    "dstar": 40.916666666666664,
    "ochiai": 40.916666666666664,
    "gp13": 40.916666666666664,
    "op2": 39.333333333333336,
    "jaccard": 40.916666666666664,
    "russell": 41.166666666666664,
    "turantula": 40.916666666666664,
    "naish1": 44.0,
    "binary": 52.833333333333336,
    "crosstab": 47.333333333333336
  },
  "pred_MFR_pmt_2.json": {
    "dstar": 40.583333333333336,
    "ochiai": 40.583333333333336,
    "gp13": 40.583333333333336,
    "op2": 37.333333333333336,
    "jaccard": 40.583333333333336,
    "russell": 40.916666666666664,
    "turantula": 40.583333333333336,
    "naish1": 43.333333333333336,
    "binary": 52.833333333333336,
    "crosstab": 45.75
  },
  "pred_MFR_pmt_3.json": {
    "dstar": 25.583333333333332,
    "ochiai": 25.583333333333332,
    "gp13": 25.583333333333332,
    "op2": 22.166666666666668,
    "jaccard": 25.583333333333332,
    "russell": 26.5,
    "turantula": 25.583333333333332,
    "naish1": 33.0,
    "binary": 52.833333333333336,
    "crosstab": 40.583333333333336
  },