{
    "pred_MFR_logisticRegressionModel.json": {
        "dstar": 9.478914088628763,
        "ochiai": 9.994539088628763,
        "gp13": 9.934643255295429,
        "op2": 9.670629528985506,
        "jaccard": 9.978914088628763,
        "russell": 11.406363224637682,
        "turantula": 10.151599080267559,
        "naish1": 12.385442795429208,
        "binary": 22.585083960423635,
        "crosstab": 17.44488573021182
    },
    "pred_MFR_randomForestModel.json": {
        "dstar": 9.323778915830546,
        "ochiai": 9.743746516164993,
        "gp13": 9.865445582497212,
        "op2": 9.415055392976589,
        "jaccard": 9.756880574136009,
        "russell": 13.22308737458194,
        "turantula": 9.999320652173914,
        "naish1": 11.023794593088072,
        "binary": 21.866734601449277,
        "crosstab": 16.975317028985508
    },
    "pred_MFR_naiveBayesModel.json": {
        "dstar": 10.661771878483833,
        "ochiai": 11.109688545150501,
        "gp13": 11.114896878483835,
        "op2": 10.828011775362318,
        "jaccard": 11.109688545150501,
        "russell": 17.7698143115942,
        "turantula": 11.164506688963211,
        "naish1": 11.908314172240804,
        "binary": 19.913548634336678,
        "crosstab": 17.101832497212932
    },
    "pred_MFR_pmt.json": {
        "dstar": 9.247840022296543,
        "ochiai": 9.730063754180602,
        "gp13": 9.73421822742475,
        "op2": 9.541117962653288,
        "jaccard": 9.703569188963211,
        "russell": 11.097373188405797,
        "turantula": 10.232815983835005,
        "naish1": 12.682143603678929,
        "binary": 22.59063196767001,
        "crosstab": 17.076583403010034
    },
    "pred_MFR_pmbfl.json": {
        "ochiai": 2.569903149386845
    },
    "pred_MFR_pmbfl2.json": {
        "ochiai": 7.756619286510591
    },
    "pred_MFR_pmbfl_2.json": {
        "dstar": 5.118014910813825,
        "ochiai": 2.182805532329989,
        "gp13": 2.0419540830546263,
        "op2": 2.025989409141583,
        "jaccard": 2.28390642419175,
        "russell": 4.828586608138238,
        "turantula": 2.131183807134894,
        "naish1": 2.998136148272018,
        "binary": 21.472138029542922,
        "crosstab": 13.094829988851728
    },
    "pred_MFR_pmbfl_1.json": {
        "dstar": 5.600125418060201,
        "ochiai": 2.547711120401338,
        "gp13": 2.3975839604236344,
        "op2": 2.3315652870680044,
        "jaccard": 2.627978678929766,
        "russell": 5.1296596293199554,
        "turantula": 2.4914210562987735,
        "naish1": 3.3997265189520625,
        "binary": 21.370932622630992,
        "crosstab": 12.745845526755852
    },
    "pred_MFR_pmbfl_3.json": {
        "dstar": 5.07228086677815,
        "ochiai": 2.1624076783723525,
        "gp13": 2.058467460981048,
        "op2": 2.120967460981048,
        "jaccard": 2.253205128205128,
        "russell": 4.887785674470457,
        "turantula": 2.193884127647715,
        "naish1": 3.0791875696766997,
        "binary": 21.464438754180602,
        "crosstab": 13.029891304347826
    },
    "pred_MFR_pmbfl_4.json": {
        "dstar": 5.081443352842809,
        "ochiai": 2.1374547101449273,
        "gp13": 2.1327079849498327,
        "op2": 2.103034420289855,
        "jaccard": 2.2013221153846154,
        "russell": 4.855290203455964,
        "turantula": 2.1784420289855073,
        "naish1": 3.1192255434782608,
        "binary": 21.31526964882943,
        "crosstab": 13.150310061315496
    },
    "pred_MFR_pmbfl_5.json": {
        "dstar": 5.316950599219622,
        "ochiai": 2.461190078037904,
        "gp13": 2.4103609253065774,
        "op2": 2.3100351867335562,
        "jaccard": 2.5312674191750277,
        "russell": 5.1184416806020065,
        "turantula": 2.4468279682274248,
        "naish1": 3.9191837374581944,
        "binary": 21.302213977146042,
        "crosstab": 13.078917572463768
    },
    "pred_MFR_randomForestModel_20.json": {
        "dstar": 5.495514562430323,
        "ochiai": 4.3739635590858414,
        "gp13": 4.79311245819398,
        "op2": 4.3041387959866215,
        "jaccard": 4.339874233556299,
        "russell": 7.658375139353399,
        "turantula": 4.566671892419175,
        "naish1": 7.828882734113712,
        "binary": 15.936315496098107,
        "crosstab": 13.22246899386845
    },
    "pred_MFR_randomForestModel_30.json": {
        "dstar": 6.265816610925307,
        "ochiai": 3.3288217670011147,
        "gp13": 3.4136096014492754,
        "op2": 3.108782748049052,
        "jaccard": 3.4065983835005573,
        "russell": 6.037242196209587,
        "turantula": 3.3934643255295427,
        "naish1": 4.729079570791527,
        "binary": 21.370688754180602,
        "crosstab": 12.43225682831661
    },
    "pred_MFR_randomForestModel_40.json": {
        "dstar": 6.706425933667782,
        "ochiai": 3.4093941610925307,
        "gp13": 3.359000487736901,
        "op2": 3.2419349219620957,
        "jaccard": 3.536528010033445,
        "russell": 6.029368729096989,
        "turantula": 3.4475421544035676,
        "naish1": 4.102895066889632,
        "binary": 21.30898132664437,
        "crosstab": 12.865454292084726
    },
    "pred_MFR_randomForestModel_50.json": {
        "dstar": 6.640616290412486,
        "ochiai": 3.3968871934225193,
        "gp13": 3.428450738573021,
        "op2": 3.2669401477146045,
        "jaccard": 3.52777487458194,
        "russell": 6.1355037625418065,
        "turantula": 3.5136740523968784,
        "naish1": 4.142332079152731,
        "binary": 21.368790064102562,
        "crosstab": 12.898820721850612
    },
    "pred_MFR_randomForestModel_10.json": {
        "dstar": 6.690356744704571,
        "ochiai": 6.096528358416945,
        "gp13": 6.309042293756968,
        "op2": 5.832749790969899,
        "jaccard": 6.0160256410256405,
        "russell": 9.165238294314381,
        "turantula": 6.0878013517279825,
        "naish1": 8.591929696209586,
        "binary": 14.799784002229655,
        "crosstab": 13.981553093645484
    },
    "pred_MFR_randomForestModel_1_2.json": {
        "dstar": 12.761526516961299,
        "ochiai": 13.043358815097944,
        "gp13": 13.088001672240802,
        "op2": 11.388845755693582,
        "jaccard": 13.061215957955087,
        "russell": 14.630603997451823,
        "turantula": 13.054347826086955,
        "naish1": 17.194885730211816,
        "binary": 14.239419095397356,
        "crosstab": 14.528189202102244
    },
    "pred_MFR_randomForestModel_2_2.json": {
        "dstar": 11.095552884615385,
        "ochiai": 11.336442656075809,
        "gp13": 11.40735611761427,
        "op2": 9.97614443979933,
        "jaccard": 11.206922380156076,
        "russell": 14.050358835005573,
        "turantula": 11.502081591415829,
        "naish1": 14.656798704013378,
        "binary": 18.222590928093645,
        "crosstab": 16.26048634336678
    },
    "pred_MFR_randomForestModel_3_2.json": {
        "dstar": 9.87378065774805,
        "ochiai": 9.598618659420291,
        "gp13": 9.586190078037905,
        "op2": 8.296335005574138,
        "jaccard": 9.616961050724639,
        "russell": 11.540447324414716,
        "turantula": 9.58004981884058,
        "naish1": 12.80092495819398,
        "binary": 13.987371098104795,
        "crosstab": 15.210458472686732
    },
    "pred_MFR_randomForestModel_4_2.json": {
        "dstar": 8.619373606465999,
        "ochiai": 9.000670638238573,
        "gp13": 8.916910535117058,
        "op2": 6.716563893534002,
        "jaccard": 9.030318074136009,
        "russell": 10.342626463210701,
        "turantula": 9.03948056020067,
        "naish1": 11.363390119843924,
        "binary": 12.794532120958753,
        "crosstab": 14.163348313823857
    },
    "pred_MFR_randomForestModel_5_2.json": {
        "dstar": 6.7924853678929775,
        "ochiai": 6.5430166527313265,
        "gp13": 6.484357580824971,
        "op2": 5.64239304626533,
        "jaccard": 6.566227703455964,
        "russell": 7.626236761426978,