{
  "pred_MAR_logisticRegressionModel.json": {
    "dstar": 14.458333333333334,
    "ochiai": 14.458333333333334,
    "gp13": 14.458333333333334,
    "op2": 14.458333333333334,
    "jaccard": 14.458333333333334,
    "russell": 14.75,
    "turantula": 14.770833333333334,
    "naish1": 25.375,
    "binary": 27.875,
    "crosstab": 17.333333333333332
  },
  "pred_MAR_randomForestModel.json": {
    "dstar": 13.6875,
    "ochiai": 13.8125,
    "gp13": 13.979166666666666,
    "op2": 13.229166666666666,
    "jaccard": 13.770833333333334,
    "russell": 14.895833333333334,
    "turantula": 13.875,
    "naish1": 20.916666666666668,
    "binary": 26.625,
    "crosstab": 16.354166666666664
  },
  "pred_MAR_naiveBayesModel.json": {
    "dstar": 10.833333333333334,
    "ochiai": 10.833333333333334,
    "gp13": 10.833333333333334,
    "op2": 10.833333333333334,
    "jaccard": 10.833333333333334,
    "russell": 19.5,
    "turantula": 11.145833333333334,
    "naish1": 16.5,
    "binary": 28.75,
    "crosstab": 19.958333333333332
  },
  "pred_MAR_pmt.json": {
    "dstar": 12.895833333333334,
    "ochiai": 12.895833333333334,
    "gp13": 12.895833333333334,
    "op2": 12.895833333333334,
    "jaccard": 12.895833333333334,
    "russell": 13.1875,
    "turantula": 13.4375,
    "naish1": 25.625,
    "binary": 27.875,
    "crosstab": 15.270833333333334
  },
  "pred_MAR_pmbfl.json": {
    "ochiai": 3.4583333333333335
  },
  "pred_MAR_pmbfl2.json": {
    "ochiai": 5.020833333333333
  },
  "pred_MAR_pmbfl_2.json": {
    "dstar": 7.416666666666667,
    "ochiai": 2.7708333333333335,
    "gp13": 2.9583333333333335,
    "op2": 2.8958333333333335,
    "jaccard": 2.7291666666666665,
    "russell": 4.666666666666666,
    "turantula": 2.7083333333333335,
    "naish1": 7.083333333333333,
    "binary": 26.375,
    "crosstab": 15.479166666666666
  },
  "pred_MAR_pmbfl_1.json": {
    "dstar": 7.25,
    "ochiai": 3.5,
    "gp13": 3.6458333333333335,
    "op2": 3.3958333333333335,
    "jaccard": 3.8333333333333335,
    "russell": 5.104166666666667,
    "turantula": 3.375,
    "naish1": 7.645833333333333,
    "binary": 26.25,
    "crosstab": 14.354166666666666
  },
  "pred_MAR_pmbfl_3.json": {
    "dstar": 7.270833333333333,
    "ochiai": 3.75,
    "gp13": 3.8333333333333335,
    "op2": 3.875,
    "jaccard": 4.3125,
    "russell": 4.729166666666666,
    "turantula": 3.4375,
    "naish1": 7.666666666666667,
    "binary": 26.375,
    "crosstab": 14.729166666666666
  },
  "pred_MAR_pmbfl_4.json": {
    "dstar": 7.0,
    "ochiai": 3.4791666666666665,
    "gp13": 3.6875,
    "op2": 3.375,
    "jaccard": 3.8958333333333335,
    "russell": 4.604166666666666,
    "turantula": 3.4375,
    "naish1": 7.625,
    "binary": 26.375,
    "crosstab": 17.0
  },
  "pred_MAR_pmbfl_5.json": {
    "dstar": 6.6875,
    "ochiai": 2.5833333333333335,
    "gp13": 2.4166666666666665,
    "op2": 2.3541666666666665,
    "jaccard": 2.7083333333333335,
    "russell": 3.5,
    "turantula": 2.208333333333333,
    "naish1": 6.8125,
    "binary": 26.25,
    "crosstab": 14.8125
  },
  "pred_MAR_randomForestModel_20.json": {
    "dstar": 13.208333333333334,
    "ochiai": 11.791666666666666,
    "gp13": 12.208333333333334,
    "op2": 11.395833333333334,
    "jaccard": 11.875,
    "russell": 13.0625,
    "turantula": 12.645833333333334,
    "naish1": 20.541666666666668,
    "binary": 18.4375,
    "crosstab": 13.833333333333334
  },
  "pred_MAR_randomForestModel_30.json": {
    "dstar": 15.208333333333334,
    "ochiai": 10.583333333333334,
    "gp13": 10.833333333333334,
    "op2": 9.916666666666666,
    "jaccard": 10.833333333333334,
    "russell": 11.4375,
    "turantula": 10.458333333333334,
    "naish1": 16.0,
    "binary": 26.0,
    "crosstab": 13.3125
  },
  "pred_MAR_randomForestModel_40.json": {
    "dstar": 15.333333333333334,
    "ochiai": 11.1875,
    "gp13": 11.166666666666666,
    "op2": 9.875,
    "jaccard": 11.229166666666666,
    "russell": 11.75,
    "turantula": 10.9375,
    "naish1": 16.354166666666664,
    "binary": 26.25,
    "crosstab": 13.333333333333334
  },
  "pred_MAR_randomForestModel_50.json": {
    "dstar": 15.645833333333334,
    "ochiai": 10.895833333333334,
    "gp13": 11.270833333333334,
    "op2": 10.395833333333334,
    "jaccard": 11.020833333333334,
    "russell": 11.791666666666666,
    "turantula": 11.0625,
    "naish1": 16.5,
    "binary": 26.375,
    "crosstab": 13.520833333333334
  },
  "pred_MAR_randomForestModel_10.json": {
    "dstar": 14.041666666666666,
    "ochiai": 13.8125,
    "gp13": 14.354166666666666,
    "op2": 13.854166666666666,
    "jaccard": 13.875,
    "russell": 14.666666666666666,
    "turantula": 14.0,
    "naish1": 20.125,
    "binary": 18.8125,
    "crosstab": 17.3125
  },
  "pred_MAR_randomForestModel_1_2.json": {
    "dstar": 18.354166666666668,
    "ochiai": 18.145833333333332,
    "gp13": 18.4375,
    "op2": 18.3125,
    "jaccard": 18.270833333333332,
    "russell": 18.8125,
    "turantula": 17.8125,
    "naish1": 26.625,
    "binary": 18.1875,
    "crosstab": 19.270833333333332
  },
  "pred_MAR_randomForestModel_2_2.json": {
    "dstar": 17.083333333333332,
    "ochiai": 16.895833333333332,
    "gp13": 16.895833333333332,
    "op2": 16.083333333333336,
    "jaccard": 17.020833333333332,
    "russell": 17.5625,
    "turantula": 17.229166666666668,
    "naish1": 25.25,
    "binary": 23.875,
    "crosstab": 18.479166666666668
  },
  "pred_MAR_randomForestModel_3_2.json": {
    "dstar": 16.708333333333332,
    "ochiai": 16.291666666666664,
    "gp13": 16.833333333333332,
    "op2": 16.083333333333336,
    "jaccard": 16.25,
    "russell": 17.5,
    "turantula": 16.375,
    "naish1": 20.5,
    "binary": 12.208333333333334,
    "crosstab": 18.916666666666668
  },
  "pred_MAR_randomForestModel_4_2.json": {
    "dstar": 4.625,
    "ochiai": 4.520833333333333,
    "gp13": 4.4375,
    "op2": 4.1875,
    "jaccard": 4.520833333333333,
    "russell": 4.979166666666667,
    "turantula": 3.9375,
    "naish1": 11.229166666666666,
    "binary": 17.333333333333332,
    "crosstab": 15.5
  },
  "pred_MAR_randomForestModel_5_2.json": {
    "dstar": 13.729166666666666,
    "ochiai": 12.229166666666666,
    "gp13": 12.8125,
    "op2": 12.375,
    "jaccard": 12.145833333333334,
    "russell": 13.145833333333334,
    "turantula": 12.895833333333334,
    "naish1": 21.145833333333332,
    "binary": 14.1875,
    "crosstab": 14.270833333333334
  },
  "pred_MAR_pmt_{i}.json": {
    "dstar": 19.0,
    "ochiai": 19.25,
    "gp13": 19.0,
    "op2": 19.0,
    "jaccard": 19.0,
    "russell": 19.125,
    "turantula": 19.25,
    "naish1": 25.6875,
    "binary": 19.375,
    "crosstab": 21.9375
  },
  "pred_MAR_pmt_1.json": {
    "dstar": 20.958333333333332,
    "ochiai": 21.458333333333332,
    "gp13": 20.958333333333332,
    "op2": 20.958333333333332,
    "jaccard": 20.958333333333332,
    "russell": 20.833333333333332,
    "turantula": 21.333333333333332,
    "naish1": 27.125,
    "binary": 24.5,
    "crosstab": 22.958333333333332
  },
  "pred_MAR_pmt_2.json": {
    "dstar": 18.729166666666668,
    "ochiai": 18.729166666666668,
    "gp13": 18.729166666666668,
    "op2": 18.729166666666668,
    "jaccard": 18.729166666666668,
    "russell": 18.791666666666668,
    "turantula": 18.854166666666668,
    "naish1": 27.3125,
    "binary": 28.125,
    "crosstab": 20.041666666666668
  },
  "pred_MAR_pmt_3.json": {
    "dstar": 17.0625,
    "ochiai": 17.0,
    "gp13": 17.0,
    "op2": 16.9375,
    "jaccard": 17.0,
    "russell": 17.1875,
    "turantula": 17.25,
    "naish1": 25.5625,
    "binary": 24.0,
    "crosstab": 19.5
  },
  "pred_MAR_pmt_4.json": {
    "dstar": 19.770833333333332,
    "ochiai": 19.770833333333332,
    "gp13": 19.770833333333332,
    "op2": 19.770833333333332,
    "jaccard": 19.770833333333332,
    "russell": 19.8125,
    "turantula": 19.895833333333332,
    "naish1": 27.125,
    "binary": 20.9375,
    "crosstab": 21.270833333333332
  },