{
  "pred_MAR_logisticRegressionModel.json": {
    "dstar": 4.653846153846154,
    "ochiai": 4.653846153846154,
    "gp13": 4.653846153846154,
    "op2": 4.423076923076923,
    "jaccard": 4.653846153846154,
    "russell": 5.423076923076923,
    "turantula": 4.4743589743589745,
    "naish1": 6.1923076923076925,
    "binary": 10.846153846153847,
    "crosstab": 6.9743589743589745
  },
  "pred_MAR_naiveBayesModel.json": {
    "dstar": 4.653846153846154,
    "ochiai": 4.653846153846154,
    "gp13": 4.653846153846154,
    "op2": 4.423076923076923,
    "jaccard": 4.653846153846154,
    "russell": 5.653846153846154,
    "turantula": 4.4743589743589745,
    "naish1": 6.1923076923076925,
    "binary": 10.846153846153847,
    "crosstab": 7.128205128205129
  },
  "pred_MAR_randomForestModel.json": {
    "dstar": 4.858974358974359,
    "ochiai": 4.705128205128205,
    "gp13": 4.858974358974359,
    "op2": 4.679487179487179,
    "jaccard": 4.705128205128205,
    "russell": 6.346153846153846,
    "turantula": 4.423076923076923,
    "naish1": 5.294871794871795,
    "binary": 10.076923076923077,
    "crosstab": 6.512820512820513
  },
  "pred_MAR_pmt.json": {
    "dstar": 5.666666666666667,
    "ochiai": 5.666666666666667,
    "gp13": 5.9743589743589745,
    "op2": 5.333333333333333,
    "jaccard": 5.666666666666667,
    "russell": 6.58974358974359,
    "turantula": 6.3589743589743595,
    "naish1": 4.794871794871795,
    "binary": 10.846153846153847,
    "crosstab": 6.935897435897435
  },
  "pred_MAR_pmbfl.json": {
    "ochiai": 1.9615384615384615
  },
  "pred_MAR_pmbfl2.json": {
    "ochiai": 2.8333333333333335
  },
  "pred_MAR_pmbfl_2.json": {
    "dstar": 2.987179487179487,
    "ochiai": 1.8461538461538463,
    "gp13": 1.8589743589743588,
    "op2": 1.8589743589743588,
    "jaccard": 1.8974358974358974,
    "russell": 3.4102564102564097,
    "turantula": 1.782051282051282,
    "naish1": 1.8589743589743588,
    "binary": 10.32051282051282,
    "crosstab": 4.858974358974359
  },
  "pred_MAR_pmbfl_1.json": {
    "dstar": 2.9487179487179485,
    "ochiai": 1.9487179487179487,
    "gp13": 1.8846153846153846,
    "op2": 1.9615384615384615,
    "jaccard": 2.0,
    "russell": 3.3205128205128207,
    "turantula": 2.1153846153846154,
    "naish1": 1.9615384615384615,
    "binary": 10.26923076923077,
    "crosstab": 4.884615384615385
  },
  "pred_MAR_pmbfl_3.json": {
    "dstar": 2.8717948717948714,
    "ochiai": 1.9743589743589742,
    "gp13": 1.987179487179487,
    "op2": 1.987179487179487,
    "jaccard": 1.9743589743589742,
    "russell": 3.474358974358974,
    "turantula": 1.987179487179487,
    "naish1": 1.987179487179487,
    "binary": 10.26923076923077,
    "crosstab": 5.1923076923076925
  },
  "pred_MAR_pmbfl_4.json": {
    "dstar": 2.9615384615384617,
    "ochiai": 2.423076923076923,
    "gp13": 2.3076923076923075,
    "op2": 2.4358974358974357,
    "jaccard": 2.2435897435897436,
    "russell": 3.474358974358974,
    "turantula": 2.4358974358974357,
    "naish1": 2.4358974358974357,
    "binary": 9.833333333333334,
    "crosstab": 4.91025641025641
  },
  "pred_MAR_pmbfl_5.json": {
    "dstar": 2.9487179487179485,
    "ochiai": 2.0897435897435894,
    "gp13": 2.0256410256410255,
    "op2": 2.1025641025641026,
    "jaccard": 2.1153846153846154,
    "russell": 3.3205128205128203,
    "turantula": 1.9487179487179487,
    "naish1": 2.1025641025641026,
    "binary": 10.141025641025642,
    "crosstab": 4.448717948717948
  },
  "pred_MAR_randomForestModel_20.json": {
    "dstar": 3.9102564102564106,
    "ochiai": 3.448717948717949,
    "gp13": 3.551282051282051,
    "op2": 3.205128205128205,
    "jaccard": 3.5,
    "russell": 4.717948717948717,
    "turantula": 3.474358974358974,
    "naish1": 3.6923076923076925,
    "binary": 5.871794871794871,
    "crosstab": 5.58974358974359
  },
  "pred_MAR_randomForestModel_30.json": {
    "dstar": 4.615384615384615,
    "ochiai": 3.2948717948717947,
    "gp13": 3.512820512820513,
    "op2": 2.7179487179487176,
    "jaccard": 3.3974358974358974,
    "russell": 4.653846153846154,
    "turantula": 3.3846153846153846,
    "naish1": 3.230769230769231,
    "binary": 10.282051282051281,
    "crosstab": 4.628205128205129
  },
  "pred_MAR_randomForestModel_40.json": {
    "dstar": 3.230769230769231,
    "ochiai": 1.7435897435897436,
    "gp13": 1.8589743589743588,
    "op2": 1.7435897435897436,
    "jaccard": 1.9230769230769231,
    "russell": 3.1923076923076925,
    "turantula": 1.8076923076923077,
    "naish1": 1.7564102564102564,
    "binary": 10.384615384615385,
    "crosstab": 4.628205128205129
  },
  "pred_MAR_randomForestModel_50.json": {
    "dstar": 4.448717948717948,
    "ochiai": 3.217948717948718,
    "gp13": 3.5,
    "op2": 2.8717948717948714,
    "jaccard": 3.217948717948718,
    "russell": 4.705128205128205,
    "turantula": 3.7051282051282053,
    "naish1": 3.5,
    "binary": 10.153846153846153,
    "crosstab": 5.0
  },
  "pred_MAR_randomForestModel_10.json": {
    "dstar": 3.025641025641026,
    "ochiai": 2.730769230769231,
    "gp13": 2.769230769230769,
    "op2": 2.3846153846153846,
    "jaccard": 2.6923076923076925,
    "russell": 5.064102564102564,
    "turantula": 2.8205128205128203,
    "naish1": 2.4102564102564106,
    "binary": 7.756410256410256,
    "crosstab": 5.461538461538462
  },
  "pred_MAR_randomForestModel_1_2.json": {
    "dstar": 8.23076923076923,
    "ochiai": 8.23076923076923,
    "gp13": 8.23076923076923,
    "op2": 5.153846153846154,
    "jaccard": 8.23076923076923,
    "russell": 9.0,
    "turantula": 8.307692307692308,
    "naish1": 8.23076923076923,
    "binary": 7.333333333333334,
    "crosstab": 7.3076923076923075
  },
  "pred_MAR_randomForestModel_2_2.json": {
    "dstar": 4.6410256410256405,
    "ochiai": 5.102564102564102,
    "gp13": 4.794871794871795,
    "op2": 3.1410256410256405,
    "jaccard": 5.0256410256410255,
    "russell": 5.794871794871796,
    "turantula": 5.179487179487179,
    "naish1": 6.717948717948717,
    "binary": 8.384615384615385,
    "crosstab": 4.576923076923077
  },
  "pred_MAR_randomForestModel_3_2.json": {
    "dstar": 5.256410256410256,
    "ochiai": 5.487179487179487,
    "gp13": 5.256410256410256,
    "op2": 4.128205128205128,
    "jaccard": 5.487179487179487,
    "russell": 6.371794871794871,
    "turantula": 5.487179487179487,
    "naish1": 5.461538461538462,
    "binary": 8.0,
    "crosstab": 5.666666666666667
  },
  "pred_MAR_randomForestModel_4_2.json": {
    "dstar": 3.948717948717949,
    "ochiai": 4.333333333333334,
    "gp13": 4.102564102564103,
    "op2": 3.5897435897435894,
    "jaccard": 4.487179487179487,
    "russell": 5.230769230769231,
    "turantula": 4.564102564102564,
    "naish1": 3.8461538461538463,
    "binary": 6.282051282051283,
    "crosstab": 5.6923076923076925
  },
  "pred_MAR_randomForestModel_5_2.json": {
    "dstar": 4.1410256410256405,
    "ochiai": 4.461538461538462,
    "gp13": 4.564102564102564,
    "op2": 3.8205128205128207,
    "jaccard": 4.448717948717948,
    "russell": 5.487179487179487,
    "turantula": 4.6410256410256405,
    "naish1": 4.0256410256410255,
    "binary": 6.8589743589743595,
    "crosstab": 5.384615384615385
  },
  "pred_MAR_pmt_{i}.json": {
    "dstar": 8.205128205128206,
    "ochiai": 8.205128205128206,
    "gp13": 8.282051282051283,
    "op2": 7.730769230769231,
    "jaccard": 8.205128205128206,
    "russell": 8.538461538461538,
    "turantula": 8.205128205128206,
    "naish1": 10.076923076923077,
    "binary": 8.794871794871796,
    "crosstab": 8.423076923076923
  },
  "pred_MAR_pmt_1.json": {
    "dstar": 6.846153846153846,
    "ochiai": 6.846153846153846,
    "gp13": 6.846153846153846,
    "op2": 6.6923076923076925,
    "jaccard": 6.846153846153846,
    "russell": 6.769230769230769,
    "turantula": 6.846153846153846,
    "naish1": 10.923076923076923,
    "binary": 11.153846153846153,
    "crosstab": 7.076923076923077
  },
  "pred_MAR_pmt_2.json": {
    "dstar": 5.615384615384615,