{
  "pred_MAR_logisticRegressionModel.json": {
    "dstar": 10.885416666666666,
    "ochiai": 11.135416666666666,
    "gp13": 11.072916666666666,
    "op2": 10.46875,
    "jaccard": 11.135416666666666,
    "russell": 12.458333333333334,
    "turantula": 11.572916666666666,
    "naish1": 10.84375,
    "binary": 23.0625,
    "crosstab": 14.53125
  },
  "pred_MAR_randomForestModel.json": {
    "dstar": 11.552083333333334,
    "ochiai": 11.71875,
    "gp13": 11.791666666666666,
    "op2": 10.666666666666666,
    "jaccard": 11.729166666666666,
    "russell": 15.625,
    "turantula": 11.729166666666666,
    "naish1": 11.4375,
    "binary": 21.9375,
    "crosstab": 13.885416666666666
  },
  "pred_MAR_naiveBayesModel.json": {
    "dstar": 10.958333333333334,
    "ochiai": 11.083333333333334,
    "gp13": 11.208333333333334,
    "op2": 9.770833333333334,
    "jaccard": 11.083333333333334,
    "russell": 18.6875,
    "turantula": 11.229166666666666,
    "naish1": 11.145833333333334,
    "binary": 18.25,
    "crosstab": 13.895833333333332
  },
  "pred_MAR_pmt.json": {
    "dstar": 9.072916666666666,
    "ochiai": 9.385416666666666,
    "gp13": 9.21875,
    "op2": 8.864583333333334,
    "jaccard": 9.260416666666666,
    "russell": 11.65625,
    "turantula": 9.729166666666666,
    "naish1": 11.21875,
    "binary": 22.875,
    "crosstab": 14.75
  },
  "pred_MAR_pmbfl.json": {
    "ochiai": 5.145833333333333
  },
  "pred_MAR_pmbfl2.json": {
    "ochiai": 7.520833333333334
  },
  "pred_MAR_pmbfl_2.json": {
    "dstar": 5.072916666666666,
    "ochiai": 4.520833333333333,
    "gp13": 4.489583333333333,
    "op2": 4.833333333333333,
    "jaccard": 4.520833333333333,
    "russell": 7.572916666666666,
    "turantula": 4.59375,
    "naish1": 5.5,
    "binary": 21.729166666666668,
    "crosstab": 11.28125
  },
  "pred_MAR_pmbfl_1.json": {
    "dstar": 5.03125,
    "ochiai": 4.59375,
    "gp13": 4.552083333333333,
    "op2": 4.770833333333333,
    "jaccard": 4.604166666666667,
    "russell": 7.708333333333334,
    "turantula": 4.739583333333333,
    "naish1": 5.40625,
    "binary": 21.875,
    "crosstab": 11.427083333333334
  },
  "pred_MAR_pmbfl_3.json": {
    "dstar": 5.0625,
    "ochiai": 4.84375,
    "gp13": 4.729166666666667,
    "op2": 4.864583333333333,
    "jaccard": 4.739583333333333,
    "russell": 7.989583333333334,
    "turantula": 4.78125,
    "naish1": 4.75,
    "binary": 21.729166666666668,
    "crosstab": 13.291666666666668
  },
  "pred_MAR_pmbfl_4.json": {
    "dstar": 5.520833333333333,
    "ochiai": 4.833333333333333,
    "gp13": 5.260416666666667,
    "op2": 5.520833333333333,
    "jaccard": 4.729166666666667,
    "russell": 8.208333333333334,
    "turantula": 5.166666666666667,
    "naish1": 5.270833333333333,
    "binary": 21.541666666666668,
    "crosstab": 11.09375
  },
  "pred_MAR_pmbfl_5.json": {
    "dstar": 5.84375,
    "ochiai": 5.041666666666667,
    "gp13": 5.135416666666667,
    "op2": 5.239583333333333,
    "jaccard": 5.072916666666667,
    "russell": 7.989583333333334,
    "turantula": 5.072916666666667,
    "naish1": 4.979166666666667,
    "binary": 21.729166666666668,
    "crosstab": 13.65625
  },
  "pred_MAR_randomForestModel_20.json": {
    "dstar": 7.40625,
    "ochiai": 6.645833333333333,
    "gp13": 8.447916666666666,
    "op2": 8.010416666666666,
    "jaccard": 6.5625,
    "russell": 10.15625,
    "turantula": 6.729166666666667,
    "naish1": 11.072916666666668,
    "binary": 17.53125,
    "crosstab": 10.5
  },
  "pred_MAR_randomForestModel_30.json": {
    "dstar": 5.864583333333334,
    "ochiai": 6.78125,
    "gp13": 6.979166666666667,
    "op2": 6.40625,
    "jaccard": 7.0625,
    "russell": 9.5,
    "turantula": 7.125,
    "naish1": 6.145833333333334,
    "binary": 21.739583333333332,
    "crosstab": 11.15625
  },
  "pred_MAR_randomForestModel_40.json": {
    "dstar": 7.28125,
    "ochiai": 6.5625,
    "gp13": 6.802083333333333,
    "op2": 6.59375,
    "jaccard": 6.583333333333334,
    "russell": 9.291666666666666,
    "turantula": 6.885416666666666,
    "naish1": 5.28125,
    "binary": 21.166666666666668,
    "crosstab": 12.239583333333334
  },
  "pred_MAR_randomForestModel_50.json": {
    "dstar": 6.875,
    "ochiai": 5.979166666666667,
    "gp13": 6.385416666666667,
    "op2": 6.6875,
    "jaccard": 6.229166666666667,
    "russell": 8.96875,
    "turantula": 6.510416666666667,
    "naish1": 6.354166666666666,
    "binary": 21.729166666666668,
    "crosstab": 12.677083333333334
  },
  "pred_MAR_randomForestModel_10.json": {
    "dstar": 9.385416666666668,
    "ochiai": 8.875,
    "gp13": 10.125,
    "op2": 9.875,
    "jaccard": 8.9375,
    "russell": 11.5625,
    "turantula": 8.770833333333332,
    "naish1": 10.916666666666666,
    "binary": 13.041666666666668,
    "crosstab": 12.729166666666666
  },
  "pred_MAR_randomForestModel_1_2.json": {
    "dstar": 12.958333333333334,
    "ochiai": 12.958333333333334,
    "gp13": 12.895833333333334,
    "op2": 11.083333333333334,
    "jaccard": 12.958333333333334,
    "russell": 15.354166666666668,
    "turantula": 12.833333333333334,
    "naish1": 17.145833333333332,
    "binary": 8.6875,
    "crosstab": 14.708333333333332
  },
  "pred_MAR_randomForestModel_2_2.json": {
    "dstar": 17.75,
    "ochiai": 17.770833333333332,
    "gp13": 17.833333333333332,
    "op2": 16.302083333333332,
    "jaccard": 17.71875,
    "russell": 19.875,
    "turantula": 17.770833333333332,
    "naish1": 21.927083333333332,
    "binary": 21.1875,
    "crosstab": 17.09375
  },
  "pred_MAR_randomForestModel_3_2.json": {
    "dstar": 15.645833333333332,
    "ochiai": 15.864583333333332,
    "gp13": 15.854166666666668,
    "op2": 13.104166666666666,
    "jaccard": 15.84375,
    "russell": 17.270833333333332,
    "turantula": 16.010416666666668,
    "naish1": 21.697916666666668,
    "binary": 17.864583333333332,
    "crosstab": 12.90625
  },
  "pred_MAR_randomForestModel_4_2.json": {
    "dstar": 14.833333333333332,
    "ochiai": 14.75,
    "gp13": 14.625,
    "op2": 11.5,
    "jaccard": 14.729166666666668,
    "russell": 15.395833333333332,
    "turantula": 14.770833333333332,
    "naish1": 19.229166666666668,
    "binary": 16.9375,
    "crosstab": 12.614583333333334
  },
  "pred_MAR_randomForestModel_5_2.json": {
    "dstar": 13.447916666666666,
    "ochiai": 13.135416666666666,
    "gp13": 12.760416666666666,
    "op2": 11.177083333333334,
    "jaccard": 13.489583333333332,
    "russell": 13.520833333333334,
    "turantula": 12.541666666666666,
    "naish1": 13.572916666666668,
    "binary": 14.9375,
    "crosstab": 15.25
  },
  "pred_MAR_pmt_{i}.json": {
    "dstar": 19.083333333333332,
    "ochiai": 19.083333333333332,
    "gp13": 18.958333333333332,
    "op2": 17.520833333333332,
    "jaccard": 19.083333333333332,
    "russell": 18.958333333333332,
    "turantula": 19.083333333333332,
    "naish1": 19.625,
    "binary": 20.5625,
    "crosstab": 20.958333333333332
  },
  "pred_MAR_pmt_1.json": {
    "dstar": 18.5625,
    "ochiai": 18.5625,
    "gp13": 18.5625,
    "op2": 17.375,
    "jaccard": 18.5625,
    "russell": 18.5,
    "turantula": 18.5625,
    "naish1": 20.5625,
    "binary": 23.5625,
    "crosstab": 17.625
  },
  "pred_MAR_pmt_2.json": {
    "dstar": 14.96875,
    "ochiai": 14.96875,
    "gp13": 15.09375,
    "op2": 13.947916666666668,
    "jaccard": 14.96875,
    "russell": 15.5625,
    "turantula": 14.96875,
    "naish1": 20.8125,
    "binary": 23.6875,
    "crosstab": 16.260416666666668
  },
  "pred_MAR_pmt_3.json": {
    "dstar": 16.21875,
    "ochiai": 16.28125,
    "gp13": 16.21875,
    "op2": 14.385416666666668,
    "jaccard": 16.28125,
    "russell": 16.53125,
    "turantula": 16.28125,
    "naish1": 18.625,
    "binary": 23.375,
    "crosstab": 16.572916666666668
  },
  "pred_MAR_pmt_4.json": {
    "dstar": 13.416666666666668,
    "ochiai": 13.447916666666668,
    "gp13": 13.416666666666668,
    "op2": 11.84375,
    "jaccard": 13.447916666666668,
    "russell": 13.833333333333332,