{
  "pred_MAR_logisticRegressionModel.json": {
    "dstar": 4.25,
    "ochiai": 4.25,
    "gp13": 4.25,
    "op2": 4.25,
    "jaccard": 4.25,
    "russell": 5.333333333333333,
    "turantula": 4.25,
    "naish1": 4.916666666666667,
    "binary": 9.75,
    "crosstab": 8.75
  },
  "pred_MAR_naiveBayesModel.json": {
    "dstar": 4.416666666666667,
    "ochiai": 4.416666666666667,
    "gp13": 4.416666666666667,
    "op2": 4.416666666666667,
    "jaccard": 4.416666666666667,
    "russell": 6.0,
    "turantula": 4.416666666666667,
    "naish1": 4.416666666666667,
    "binary": 9.75,
    "crosstab": 8.25
  },
  "pred_MAR_randomForestModel.json": {
    "dstar": 3.4166666666666665,
    "ochiai": 3.4166666666666665,
    "gp13": 3.4166666666666665,
    "op2": 3.4166666666666665,
    "jaccard": 3.4166666666666665,
    "russell": 6.0,
    "turantula": 3.4166666666666665,
    "naish1": 4.25,
    "binary": 9.75,
    "crosstab": 7.75
  },
  "pred_MAR_pmt.json": {
    "dstar": 5.5,
    "ochiai": 5.5,
    "gp13": 5.5,
    "op2": 5.5,
    "jaccard": 5.5,
    "russell": 6.333333333333333,
    "turantula": 5.5,
    "naish1": 5.833333333333333,
    "binary": 9.75,
    "crosstab": 9.0
  },
  "pred_MAR_pmbfl.json": {
    "ochiai": 3.5833333333333335
  },
  "pred_MAR_pmbfl2.json": {
    "ochiai": 4.166666666666667
  },
  "pred_MAR_pmbfl_2.json": {
    "dstar": 4.833333333333333,
    "ochiai": 2.6666666666666665,
    "gp13": 2.6666666666666665,
    "op2": 2.8333333333333335,
    "jaccard": 2.6666666666666665,
    "russell": 3.5,
    "turantula": 2.8333333333333335,
    "naish1": 3.5,
    "binary": 8.916666666666666,
    "crosstab": 7.333333333333333
  },
  "pred_MAR_pmbfl_1.json": {
    "dstar": 5.0,
    "ochiai": 3.5833333333333335,
    "gp13": 3.4166666666666665,
    "op2": 3.3333333333333335,
    "jaccard": 3.5833333333333335,
    "russell": 4.083333333333333,
    "turantula": 3.5833333333333335,
    "naish1": 3.9166666666666665,
    "binary": 9.083333333333334,
    "crosstab": 6.833333333333333
  },
  "pred_MAR_pmbfl_3.json": {
    "dstar": 5.0,
    "ochiai": 3.4166666666666665,
    "gp13": 3.25,
    "op2": 3.25,
    "jaccard": 3.4166666666666665,
    "russell": 3.9166666666666665,
    "turantula": 3.5833333333333335,
    "naish1": 3.9166666666666665,
    "binary": 9.083333333333334,
    "crosstab": 7.333333333333333
  },
  "pred_MAR_pmbfl_4.json": {
    "dstar": 4.333333333333333,
    "ochiai": 2.3333333333333335,
    "gp13": 2.0,
    "op2": 2.1666666666666665,
    "jaccard": 2.5,
    "russell": 3.5,
    "turantula": 2.3333333333333335,
    "naish1": 3.0,
    "binary": 8.916666666666666,
    "crosstab": 7.5
  },
  "pred_MAR_pmbfl_5.json": {
    "dstar": 4.833333333333333,
    "ochiai": 2.8333333333333335,
    "gp13": 2.5,
    "op2": 2.6666666666666665,
    "jaccard": 2.8333333333333335,
    "russell": 3.3333333333333335,
    "turantula": 2.8333333333333335,
    "naish1": 3.5,
    "binary": 8.583333333333334,
    "crosstab": 7.416666666666667
  },
  "pred_MAR_randomForestModel_20.json": {
    "dstar": 4.083333333333333,
    "ochiai": 4.083333333333333,
    "gp13": 4.083333333333333,
    "op2": 3.4166666666666665,
    "jaccard": 3.75,
    "russell": 5.416666666666667,
    "turantula": 4.083333333333333,
    "naish1": 5.25,
    "binary": 5.583333333333333,
    "crosstab": 6.833333333333333
  },
  "pred_MAR_randomForestModel_30.json": {
    "dstar": 4.333333333333333,
    "ochiai": 2.9166666666666665,
    "gp13": 2.9166666666666665,
    "op2": 2.6666666666666665,
    "jaccard": 2.9166666666666665,
    "russell": 4.083333333333333,
    "turantula": 2.9166666666666665,
    "naish1": 3.1666666666666665,
    "binary": 8.916666666666666,
    "crosstab": 6.75
  },
  "pred_MAR_randomForestModel_40.json": {
    "dstar": 5.5,
    "ochiai": 3.25,
    "gp13": 3.1666666666666665,
    "op2": 3.1666666666666665,
    "jaccard": 3.25,
    "russell": 4.083333333333333,
    "turantula": 3.1666666666666665,
    "naish1": 3.8333333333333335,
    "binary": 9.083333333333334,
    "crosstab": 7.416666666666667
  },
  "pred_MAR_randomForestModel_50.json": {
    "dstar": 5.5,
    "ochiai": 2.75,
    "gp13": 2.5833333333333335,
    "op2": 2.6666666666666665,
    "jaccard": 2.75,
    "russell": 3.9166666666666665,
    "turantula": 2.75,
    "naish1": 3.1666666666666665,
    "binary": 8.916666666666666,
    "crosstab": 6.916666666666667
  },
  "pred_MAR_randomForestModel_10.json": {
    "dstar": 4.083333333333333,
    "ochiai": 4.083333333333333,
    "gp13": 3.75,
    "op2": 3.25,
    "jaccard": 3.4166666666666665,
    "russell": 4.416666666666667,
    "turantula": 2.9166666666666665,
    "naish1": 3.75,
    "binary": 6.25,
    "crosstab": 7.833333333333333
  },
  "pred_MAR_randomForestModel_2_2.json": {
    "dstar": 6.833333333333333,
    "ochiai": 6.833333333333333,
    "gp13": 7.166666666666667,
    "op2": 6.0,
    "jaccard": 6.833333333333333,
    "russell": 7.333333333333333,
    "turantula": 7.166666666666667,
    "naish1": 7.0,
    "binary": 5.777777777777779,
    "crosstab": 7.583333333333333
  },
  "pred_MAR_randomForestModel_3_2.json": {
    "dstar": 6.361111111111111,
    "ochiai": 6.527777777777778,
    "gp13": 6.527777777777778,
    "op2": 3.944444444444444,
    "jaccard": 6.527777777777778,
    "russell": 7.361111111111112,
    "turantula": 6.527777777777778,
    "naish1": 7.444444444444444,
    "binary": 6.416666666666667,
    "crosstab": 5.833333333333333
  },
  "pred_MAR_randomForestModel_4_2.json": {
    "dstar": 3.1111111111111107,
    "ochiai": 3.5,
    "gp13": 3.5,
    "op2": 2.0,
    "jaccard": 3.444444444444444,
    "russell": 4.944444444444445,
    "turantula": 3.5,
    "naish1": 4.555555555555556,
    "binary": 5.027777777777778,
    "crosstab": 6.166666666666667
  },
  "pred_MAR_randomForestModel_5_2.json": {
    "dstar": 5.75,
    "ochiai": 5.138888888888889,
    "gp13": 4.972222222222222,
    "op2": 3.2222222222222228,
    "jaccard": 4.972222222222222,
    "russell": 5.861111111111112,
    "turantula": 5.138888888888889,
    "naish1": 5.305555555555556,
    "binary": 6.8055555555555545,
    "crosstab": 6.666666666666667
  },
  "pred_MAR_pmt_{i}.json": {
    "dstar": 7.388888888888888,
    "ochiai": 7.388888888888888,
    "gp13": 7.388888888888888,
    "op2": 7.388888888888888,
    "jaccard": 7.388888888888888,
    "russell": 7.388888888888888,
    "turantula": 7.388888888888888,
    "naish1": 7.333333333333333,
    "binary": 9.75,
    "crosstab": 9.75
  },
  "pred_MAR_pmt_1.json": {
    "dstar": 4.5,
    "ochiai": 4.5,
    "gp13": 4.5,
    "op2": 4.5,
    "jaccard": 4.5,
    "russell": 4.5,
    "turantula": 4.5,
    "naish1": 5.666666666666667,
    "binary": 9.75,
    "crosstab": 8.583333333333334
  },
  "pred_MAR_pmt_2.json": {
    "dstar": 6.333333333333333,
    "ochiai": 6.333333333333333,
    "gp13": 6.333333333333333,
    "op2": 6.166666666666667,
    "jaccard": 6.333333333333333,
    "russell": 6.333333333333333,
    "turantula": 6.333333333333333,
    "naish1": 7.166666666666667,
    "binary": 8.083333333333334,
    "crosstab": 8.75
  },
  "pred_MAR_pmt_3.json": {
    "dstar": 7.083333333333333,
    "ochiai": 7.083333333333333,
    "gp13": 7.083333333333333,
    "op2": 6.25,
    "jaccard": 7.083333333333333,
    "russell": 7.083333333333333,
    "turantula": 7.083333333333333,
    "naish1": 7.916666666666667,
    "binary": 9.75,
    "crosstab": 8.083333333333334
  },
  "pred_MAR_pmt_4.json": {
    "dstar": 4.888888888888889,
    "ochiai": 4.888888888888889,
    "gp13": 4.888888888888889,
    "op2": 4.888888888888889,
    "jaccard": 4.888888888888889,
    "russell": 5.722222222222222,
    "turantula": 4.888888888888889,
    "naish1": 5.888888888888889,
    "binary": 6.0,
    "crosstab": 8.583333333333334
  },
  "pred_MAR_pmt_5.json": {
    "dstar": 6.5555555555555545,
    "ochiai": 6.5555555555555545,
    "gp13": 6.5555555555555545,
    "op2": 6.0555555555555545,
    "jaccard": 6.5555555555555545,
    "russell": 6.722222222222221,
    "turantula": 6.5555555555555545,