{
  "pred_MAR_logisticRegressionModel.json": {
    "dstar": 14.798611111111109,
    "ochiai": 15.006944444444443,
    "gp13": 15.006944444444443,
    "op2": 14.555555555555557,
    "jaccard": 14.965277777777777,
    "russell": 16.04861111111111,
    "turantula": 15.965277777777777,
    "naish1": 16.631944444444446,
    "binary": 31.729166666666668,
    "crosstab": 27.354166666666668
  },
  "pred_MAR_randomForestModel.json": {
    "dstar": 11.444444444444443,
    "ochiai": 11.652777777777777,
    "gp13": 11.652777777777777,
    "op2": 10.888888888888888,
    "jaccard": 11.736111111111109,
    "russell": 15.277777777777777,
    "turantula": 13.652777777777777,
    "naish1": 10.569444444444445,
    "binary": 30.979166666666668,
    "crosstab": 26.9375
  },
  "pred_MAR_naiveBayesModel.json": {
    "dstar": 19.256944444444446,
    "ochiai": 19.46527777777778,
    "gp13": 19.46527777777778,
    "op2": 19.23611111111111,
    "jaccard": 19.506944444444446,
    "russell": 25.034722222222218,
    "turantula": 19.569444444444446,
    "naish1": 18.381944444444446,
    "binary": 27.840277777777782,
    "crosstab": 29.708333333333332
  },
  "pred_MAR_pmt.json": {
    "dstar": 13.305555555555557,
    "ochiai": 13.618055555555557,
    "gp13": 13.513888888888891,
    "op2": 13.368055555555557,
    "jaccard": 13.493055555555557,
    "russell": 14.368055555555557,
    "turantula": 15.076388888888891,
    "naish1": 15.020833333333334,
    "binary": 31.8125,
    "crosstab": 27.958333333333332
  },
  "pred_MAR_pmbfl.json": {
    "ochiai": 5.402777777777779
  },
  "pred_MAR_pmbfl2.json": {
    "ochiai": 10.777777777777777
  },
  "pred_MAR_pmbfl_2.json": {
    "dstar": 10.979166666666666,
    "ochiai": 7.625,
    "gp13": 7.395833333333333,
    "op2": 6.048611111111112,
    "jaccard": 7.6875,
    "russell": 9.277777777777777,
    "turantula": 7.916666666666667,
    "naish1": 6.875,
    "binary": 30.895833333333332,
    "crosstab": 18.9375
  },
  "pred_MAR_pmbfl_1.json": {
    "dstar": 9.708333333333334,
    "ochiai": 5.236111111111112,
    "gp13": 5.111111111111111,
    "op2": 4.166666666666667,
    "jaccard": 5.256944444444445,
    "russell": 7.0694444444444455,
    "turantula": 5.527777777777779,
    "naish1": 4.548611111111112,
    "binary": 30.729166666666668,
    "crosstab": 18.868055555555554
  },
  "pred_MAR_pmbfl_3.json": {
    "dstar": 10.625,
    "ochiai": 7.277777777777779,
    "gp13": 7.236111111111112,
    "op2": 5.895833333333333,
    "jaccard": 7.1944444444444455,
    "russell": 9.333333333333334,
    "turantula": 7.6944444444444455,
    "naish1": 6.798611111111111,
    "binary": 30.729166666666668,
    "crosstab": 18.27777777777778
  },
  "pred_MAR_pmbfl_4.json": {
    "dstar": 10.916666666666666,
    "ochiai": 7.770833333333333,
    "gp13": 7.458333333333333,
    "op2": 6.125,
    "jaccard": 7.854166666666667,
    "russell": 9.458333333333334,
    "turantula": 8.0,
    "naish1": 7.020833333333333,
    "binary": 30.8125,
    "crosstab": 18.76388888888889
  },
  "pred_MAR_pmbfl_5.json": {
    "dstar": 9.854166666666666,
    "ochiai": 7.291666666666667,
    "gp13": 7.270833333333333,
    "op2": 6.0694444444444455,
    "jaccard": 7.25,
    "russell": 9.381944444444445,
    "turantula": 7.666666666666667,
    "naish1": 6.833333333333333,
    "binary": 30.75,
    "crosstab": 19.88888888888889
  },
  "pred_MAR_randomForestModel_20.json": {
    "dstar": 5.173611111111112,
    "ochiai": 4.986111111111111,
    "gp13": 5.006944444444444,
    "op2": 4.208333333333333,
    "jaccard": 5.194444444444444,
    "russell": 5.701388888888888,
    "turantula": 5.215277777777778,
    "naish1": 4.673611111111112,
    "binary": 21.32638888888889,
    "crosstab": 22.541666666666668
  },
  "pred_MAR_randomForestModel_30.json": {
    "dstar": 10.583333333333334,
    "ochiai": 5.090277777777778,
    "gp13": 5.027777777777778,
    "op2": 4.208333333333333,
    "jaccard": 5.090277777777778,
    "russell": 6.979166666666667,
    "turantula": 5.3819444444444455,
    "naish1": 4.506944444444445,
    "binary": 30.854166666666668,
    "crosstab": 18.333333333333332
  },
  "pred_MAR_randomForestModel_40.json": {
    "dstar": 11.229166666666666,
    "ochiai": 5.701388888888888,
    "gp13": 5.638888888888888,
    "op2": 4.847222222222222,
    "jaccard": 5.8055555555555545,
    "russell": 7.4305555555555545,
    "turantula": 5.951388888888888,
    "naish1": 5.180555555555555,
    "binary": 30.270833333333332,
    "crosstab": 19.625
  },
  "pred_MAR_randomForestModel_50.json": {
    "dstar": 9.9375,
    "ochiai": 5.173611111111112,
    "gp13": 5.194444444444445,
    "op2": 4.256944444444444,
    "jaccard": 5.152777777777778,
    "russell": 7.125,
    "turantula": 5.590277777777779,
    "naish1": 4.694444444444445,
    "binary": 30.604166666666668,
    "crosstab": 17.9375
  },
  "pred_MAR_randomForestModel_10.json": {
    "dstar": 6.8819444444444455,
    "ochiai": 6.847222222222221,
    "gp13": 6.701388888888888,
    "op2": 5.277777777777778,
    "jaccard": 6.777777777777779,
    "russell": 10.26388888888889,
    "turantula": 7.3680555555555545,
    "naish1": 5.8680555555555545,
    "binary": 22.618055555555554,
    "crosstab": 21.666666666666668
  },
  "pred_MAR_randomForestModel_1_2.json": {
    "dstar": 19.78472222222222,
    "ochiai": 19.72222222222222,
    "gp13": 19.84722222222222,
    "op2": 18.006944444444446,
    "jaccard": 19.57638888888889,
    "russell": 20.20138888888889,
    "turantula": 20.743055555555554,
    "naish1": 22.215277777777782,
    "binary": 15.458333333333334,
    "crosstab": 20.53472222222222
  },
  "pred_MAR_randomForestModel_2_2.json": {
    "dstar": 17.930555555555554,
    "ochiai": 18.15972222222222,
    "gp13": 18.32638888888889,
    "op2": 15.8125,
    "jaccard": 18.09722222222222,
    "russell": 19.1875,
    "turantula": 18.78472222222222,
    "naish1": 19.118055555555554,
    "binary": 19.333333333333332,
    "crosstab": 23.756944444444446
  },
  "pred_MAR_randomForestModel_3_2.json": {
    "dstar": 13.555555555555557,
    "ochiai": 11.638888888888891,
    "gp13": 11.680555555555557,
    "op2": 10.472222222222223,
    "jaccard": 11.472222222222223,
    "russell": 12.638888888888891,
    "turantula": 11.784722222222223,
    "naish1": 14.534722222222223,
    "binary": 21.5,
    "crosstab": 24.763888888888886
  },
  "pred_MAR_randomForestModel_4_2.json": {
    "dstar": 13.305555555555557,
    "ochiai": 14.930555555555557,
    "gp13": 14.868055555555557,
    "op2": 13.027777777777777,
    "jaccard": 14.826388888888891,
    "russell": 16.47222222222222,
    "turantula": 15.701388888888888,
    "naish1": 14.631944444444443,
    "binary": 18.71527777777778,
    "crosstab": 24.013888888888886
  },
  "pred_MAR_randomForestModel_5_2.json": {
    "dstar": 11.909722222222223,
    "ochiai": 11.243055555555557,
    "gp13": 11.576388888888891,
    "op2": 10.152777777777777,
    "jaccard": 11.076388888888891,
    "russell": 12.993055555555557,
    "turantula": 11.659722222222223,
    "naish1": 12.708333333333334,
    "binary": 22.298611111111114,
    "crosstab": 21.770833333333332
  },
  "pred_MAR_pmt_{i}.json": {
    "dstar": 18.729166666666668,
    "ochiai": 18.6875,
    "gp13": 18.6875,
    "op2": 18.229166666666668,
    "jaccard": 18.6875,
    "russell": 18.833333333333332,
    "turantula": 18.854166666666668,
    "naish1": 18.4375,
    "binary": 23.229166666666668,
    "crosstab": 29.958333333333332
  },
  "pred_MAR_pmt_1.json": {
    "dstar": 15.8125,
    "ochiai": 15.8125,
    "gp13": 15.8125,
    "op2": 15.645833333333334,
    "jaccard": 15.8125,
    "russell": 15.875,
    "turantula": 15.791666666666666,
    "naish1": 20.0,
    "binary": 32.25,
    "crosstab": 27.6875
  },
  "pred_MAR_pmt_2.json": {
    "dstar": 15.895833333333334,
    "ochiai": 15.875,
    "gp13": 15.875,
    "op2": 15.520833333333334,
    "jaccard": 15.875,
    "russell": 16.0,
    "turantula": 16.375,
    "naish1": 20.958333333333332,
    "binary": 28.979166666666668,