{
  "pred_MAR_logisticRegressionModel.json": {
    "dstar": 8.667391304347825,
    "ochiai": 8.667391304347825,
    "gp13": 8.667391304347825,
    "op2": 8.515217391304347,
    "jaccard": 8.667391304347825,
    "russell": 9.97391304347826,
    "turantula": 8.941304347826087,
    "naish1": 10.271739130434783,
    "binary": 16.017391304347825,
    "crosstab": 13.145652173913044
  },
  "pred_MAR_randomForestModel.json": {
    "dstar": 7.691304347826088,
    "ochiai": 7.51304347826087,
    "gp13": 7.695652173913044,
    "op2": 7.333333333333334,
    "jaccard": 7.560869565217391,
    "russell": 11.543478260869565,
    "turantula": 7.626086956521739,
    "naish1": 9.01086956521739,
    "binary": 15.191304347826087,
    "crosstab": 12.796376811594206
  },
  "pred_MAR_naiveBayesModel.json": {
    "dstar": 8.21014492753623,
    "ochiai": 8.21014492753623,
    "gp13": 8.21014492753623,
    "op2": 8.166666666666666,
    "jaccard": 8.21014492753623,
    "russell": 13.369565217391305,
    "turantula": 8.427536231884057,
    "naish1": 9.1231884057971,
    "binary": 14.019565217391303,
    "crosstab": 12.871014492753622
  },
  "pred_MAR_pmt.json": {
    "dstar": 7.0978260869565215,
    "ochiai": 7.184782608695652,
    "gp13": 7.0978260869565215,
    "op2": 6.956521739130435,
    "jaccard": 7.0978260869565215,
    "russell": 8.471739130434782,
    "turantula": 7.506521739130435,
    "naish1": 9.402173913043478,
    "binary": 16.082608695652173,
    "crosstab": 12.608695652173912
  },
  "pred_MAR_pmbfl.json": {
    "ochiai": 4.677173913043478
  },
  "pred_MAR_pmbfl2.json": {
    "ochiai": 6.403260869565218
  },
  "pred_MAR_pmbfl_2.json": {
    "dstar": 5.693478260869565,
    "ochiai": 4.244202898550724,
    "gp13": 4.218840579710146,
    "op2": 4.019565217391304,
    "jaccard": 4.315942028985506,
    "russell": 6.476086956521739,
    "turantula": 4.22536231884058,
    "naish1": 5.9913043478260875,
    "binary": 14.389130434782608,
    "crosstab": 10.541304347826086
  },
  "pred_MAR_pmbfl_1.json": {
    "dstar": 5.849275362318842,
    "ochiai": 4.309420289855072,
    "gp13": 4.421739130434783,
    "op2": 4.055797101449275,
    "jaccard": 4.413768115942029,
    "russell": 6.726086956521739,
    "turantula": 4.334782608695653,
    "naish1": 6.313043478260869,
    "binary": 14.182608695652174,
    "crosstab": 10.33840579710145
  },
  "pred_MAR_pmbfl_3.json": {
    "dstar": 5.927173913043478,
    "ochiai": 4.669927536231884,
    "gp13": 4.796739130434783,
    "op2": 4.37463768115942,
    "jaccard": 4.756884057971015,
    "russell": 7.017753623188406,
    "turantula": 4.6880434782608695,
    "naish1": 6.264130434782608,
    "binary": 14.410869565217391,
    "crosstab": 10.715217391304348
  },
  "pred_MAR_pmbfl_4.json": {
    "dstar": 5.847463768115943,
    "ochiai": 4.4797101449275365,
    "gp13": 4.457971014492754,
    "op2": 4.026811594202898,
    "jaccard": 4.589492753623189,
    "russell": 6.7170289855072465,
    "turantula": 4.42536231884058,
    "naish1": 6.2043478260869565,
    "binary": 14.193478260869565,
    "crosstab": 10.621014492753623
  },
  "pred_MAR_pmbfl_5.json": {
    "dstar": 6.0249999999999995,
    "ochiai": 4.918115942028985,
    "gp13": 5.023188405797102,
    "op2": 4.528623188405797,
    "jaccard": 5.021376811594203,
    "russell": 7.117391304347826,
    "turantula": 4.862318840579711,
    "naish1": 6.660869565217391,
    "binary": 14.345652173913043,
    "crosstab": 10.711594202898551
  },
  "pred_MAR_randomForestModel_20.json": {
    "dstar": 5.184782608695652,
    "ochiai": 4.432971014492754,
    "gp13": 4.585144927536232,
    "op2": 4.239130434782608,
    "jaccard": 4.519927536231885,
    "russell": 6.8188405797101455,
    "turantula": 4.493840579710145,
    "naish1": 6.097101449275363,
    "binary": 10.782608695652174,
    "crosstab": 11.148550724637682
  },
  "pred_MAR_randomForestModel_30.json": {
    "dstar": 5.289492753623189,
    "ochiai": 3.976086956521739,
    "gp13": 3.972463768115942,
    "op2": 3.5539855072463773,
    "jaccard": 4.053260869565217,
    "russell": 6.7170289855072465,
    "turantula": 3.946376811594203,
    "naish1": 6.067391304347827,
    "binary": 13.906521739130437,
    "crosstab": 9.972463768115942
  },
  "pred_MAR_randomForestModel_40.json": {
    "dstar": 5.898188405797103,
    "ochiai": 4.58659420289855,
    "gp13": 4.619202898550724,
    "op2": 4.046739130434783,
    "jaccard": 4.858333333333333,
    "russell": 7.017753623188406,
    "turantula": 4.545289855072463,
    "naish1": 6.264130434782608,
    "binary": 14.10217391304348,
    "crosstab": 10.482608695652173
  },
  "pred_MAR_randomForestModel_50.json": {
    "dstar": 5.026811594202898,
    "ochiai": 3.903623188405797,
    "gp13": 3.936231884057971,
    "op2": 3.5757246376811596,
    "jaccard": 3.9905797101449276,
    "russell": 6.563043478260869,
    "turantula": 3.8557971014492756,
    "naish1": 5.960869565217391,
    "binary": 14.11304347826087,
    "crosstab": 10.184420289855073
  },
  "pred_MAR_randomForestModel_10.json": {
    "dstar": 6.5550724637681155,
    "ochiai": 6.306521739130435,
    "gp13": 6.26304347826087,
    "op2": 5.509420289855072,
    "jaccard": 6.328260869565218,
    "russell": 8.317391304347826,
    "turantula": 6.247826086956521,
    "naish1": 6.576086956521739,
    "binary": 12.565217391304348,
    "crosstab": 12.23768115942029
  },
  "pred_MAR_randomForestModel_1_2.json": {
    "dstar": 10.460869565217392,
    "ochiai": 10.414492753623188,
    "gp13": 10.490579710144928,
    "op2": 9.215217391304348,
    "jaccard": 10.392753623188407,
    "russell": 12.704347826086956,
    "turantula": 10.490579710144928,
    "naish1": 11.431884057971013,
    "binary": 14.028260869565216,
    "crosstab": 12.659420289855074
  },
  "pred_MAR_randomForestModel_2_2.json": {
    "dstar": 9.351449275362318,
    "ochiai": 10.003623188405797,
    "gp13": 10.141304347826088,
    "op2": 8.742753623188404,
    "jaccard": 9.992753623188404,
    "russell": 11.942028985507244,
    "turantula": 10.108695652173912,
    "naish1": 10.347826086956522,
    "binary": 11.19927536231884,
    "crosstab": 12.492753623188404
  },
  "pred_MAR_randomForestModel_3_2.json": {
    "dstar": 7.909420289855072,
    "ochiai": 8.1231884057971,
    "gp13": 8.278985507246377,
    "op2": 7.059782608695652,
    "jaccard": 8.090579710144926,
    "russell": 10.055797101449276,
    "turantula": 8.044202898550724,
    "naish1": 9.819565217391304,
    "binary": 11.694927536231885,
    "crosstab": 11.079347826086956
  },
  "pred_MAR_randomForestModel_4_2.json": {
    "dstar": 7.552173913043478,
    "ochiai": 7.255797101449275,
    "gp13": 7.334782608695652,
    "op2": 6.733333333333333,
    "jaccard": 7.255797101449275,
    "russell": 9.044927536231883,
    "turantula": 7.284782608695653,
    "naish1": 8.27608695652174,
    "binary": 12.18659420289855,
    "crosstab": 12.139855072463769
  },
  "pred_MAR_randomForestModel_5_2.json": {
    "dstar": 6.54927536231884,
    "ochiai": 6.12536231884058,
    "gp13": 6.071014492753623,
    "op2": 5.4079710144927535,
    "jaccard": 6.071014492753623,
    "russell": 8.076086956521738,
    "turantula": 6.081884057971014,
    "naish1": 6.605797101449276,
    "binary": 11.402173913043478,
    "crosstab": 12.252173913043478
  },
  "pred_MAR_pmt_{i}.json": {
    "dstar": 12.53768115942029,
    "ochiai": 12.515942028985508,
    "gp13": 12.515942028985508,
    "op2": 12.211594202898551,
    "jaccard": 12.515942028985508,
    "russell": 12.61376811594203,
    "turantula": 12.576811594202898,
    "naish1": 12.789855072463766,
    "binary": 14.267391304347825,
    "crosstab": 14.791304347826086
  },
  "pred_MAR_pmt_1.json": {
    "dstar": 12.341304347826087,
    "ochiai": 12.341304347826087,
    "gp13": 12.341304347826087,
    "op2": 12.334057971014493,
    "jaccard": 12.341304347826087,
    "russell": 12.36304347826087,
    "turantula": 12.341304347826087,
    "naish1": 13.64782608695652,
    "binary": 15.691304347826087,
    "crosstab": 14.754347826086958
  },