{
  "pred_MAR_logisticRegressionModel.json": {
    "dstar": 17.683333333333334,
    "ochiai": 18.349999999999998,
    "gp13": 17.933333333333334,
    "op2": 15.916666666666666,
    "jaccard": 18.266666666666666,
    "russell": 23.433333333333334,
    "turantula": 18.183333333333334,
    "naish1": 18.75,
    "binary": 51.416666666666664,
    "crosstab": 42.083333333333336
  },
  "pred_MAR_randomForestModel.json": {
    "dstar": 17.308333333333334,
    "ochiai": 17.474999999999998,
    "gp13": 17.558333333333334,
    "op2": 15.6,
    "jaccard": 17.474999999999998,
    "russell": 27.825,
    "turantula": 17.391666666666666,
    "naish1": 18.591666666666665,
    "binary": 50.333333333333336,
    "crosstab": 42.225
  },
  "pred_MAR_naiveBayesModel.json": {
    "dstar": 24.3,
    "ochiai": 24.53333333333333,
    "gp13": 24.474999999999998,
    "op2": 24.058333333333334,
    "jaccard": 24.59166666666667,
    "russell": 42.666666666666664,
    "turantula": 24.59166666666667,
    "naish1": 22.641666666666666,
    "binary": 41.25,
    "crosstab": 39.24166666666667
  },
  "pred_MAR_pmt.json": {
    "dstar": 19.608333333333334,
    "ochiai": 19.775000000000002,
    "gp13": 19.858333333333334,
    "op2": 18.325,
    "jaccard": 19.775000000000002,
    "russell": 24.291666666666668,
    "turantula": 19.775000000000002,
    "naish1": 23.25,
    "binary": 51.5,
    "crosstab": 39.824999999999996
  },
  "pred_MAR_pmbfl.json": {
    "ochiai": 7.2
  },
  "pred_MAR_pmbfl2.json": {
    "ochiai": 15.541666666666666
  },
  "pred_MAR_pmbfl_2.json": {
    "dstar": 12.033333333333333,
    "ochiai": 4.675,
    "gp13": 3.733333333333333,
    "op2": 3.4499999999999997,
    "jaccard": 5.3999999999999995,
    "russell": 9.85,
    "turantula": 3.983333333333333,
    "naish1": 6.516666666666667,
    "binary": 49.43333333333334,
    "crosstab": 33.21666666666667
  },
  "pred_MAR_pmbfl_1.json": {
    "dstar": 15.6,
    "ochiai": 7.8,
    "gp13": 6.75,
    "op2": 5.7250000000000005,
    "jaccard": 8.191666666666666,
    "russell": 12.299999999999999,
    "turantula": 6.666666666666667,
    "naish1": 9.183333333333334,
    "binary": 49.041666666666664,
    "crosstab": 32.733333333333334
  },
  "pred_MAR_pmbfl_3.json": {
    "dstar": 11.950000000000001,
    "ochiai": 4.1000000000000005,
    "gp13": 3.5833333333333335,
    "op2": 3.4,
    "jaccard": 4.658333333333333,
    "russell": 9.916666666666666,
    "turantula": 3.8083333333333336,
    "naish1": 6.6000000000000005,
    "binary": 49.375,
    "crosstab": 31.7
  },
  "pred_MAR_pmbfl_4.json": {
    "dstar": 11.85,
    "ochiai": 4.075,
    "gp13": 3.966666666666667,
    "op2": 3.5833333333333335,
    "jaccard": 4.383333333333334,
    "russell": 9.766666666666667,
    "turantula": 3.716666666666667,
    "naish1": 6.6000000000000005,
    "binary": 49.18333333333334,
    "crosstab": 31.46666666666667
  },
  "pred_MAR_pmbfl_5.json": {
    "dstar": 14.674999999999999,
    "ochiai": 6.675,
    "gp13": 6.125,
    "op2": 5.291666666666667,
    "jaccard": 6.891666666666667,
    "russell": 12.416666666666666,
    "turantula": 6.308333333333334,
    "naish1": 10.083333333333334,
    "binary": 49.01666666666667,
    "crosstab": 32.03333333333333
  },
  "pred_MAR_randomForestModel_20.json": {
    "dstar": 13.475,
    "ochiai": 11.683333333333332,
    "gp13": 12.424999999999999,
    "op2": 10.291666666666666,
    "jaccard": 11.35,
    "russell": 21.925,
    "turantula": 11.933333333333332,
    "naish1": 18.666666666666668,
    "binary": 40.166666666666664,
    "crosstab": 34.71666666666667
  },
  "pred_MAR_randomForestModel_30.json": {
    "dstar": 11.758333333333333,
    "ochiai": 4.55,
    "gp13": 4.466666666666667,
    "op2": 3.625,
    "jaccard": 4.8,
    "russell": 9.975,
    "turantula": 4.566666666666666,
    "naish1": 7.5,
    "binary": 49.48333333333333,
    "crosstab": 31.308333333333334
  },
  "pred_MAR_randomForestModel_40.json": {
    "dstar": 12.508333333333333,
    "ochiai": 4.6000000000000005,
    "gp13": 4.175,
    "op2": 3.7916666666666665,
    "jaccard": 4.916666666666667,
    "russell": 10.433333333333334,
    "turantula": 4.5249999999999995,
    "naish1": 6.425,
    "binary": 49.458333333333336,
    "crosstab": 32.016666666666666
  },
  "pred_MAR_randomForestModel_50.json": {
    "dstar": 11.85,
    "ochiai": 4.241666666666666,
    "gp13": 3.766666666666667,
    "op2": 3.1333333333333333,
    "jaccard": 4.8999999999999995,
    "russell": 10.041666666666666,
    "turantula": 4.083333333333333,
    "naish1": 5.575,
    "binary": 49.31666666666666,
    "crosstab": 32.324999999999996
  },
  "pred_MAR_randomForestModel_10.json": {
    "dstar": 22.21666666666667,
    "ochiai": 20.916666666666668,
    "gp13": 21.133333333333333,
    "op2": 18.275000000000002,
    "jaccard": 20.916666666666668,
    "russell": 27.983333333333334,
    "turantula": 21.25,
    "naish1": 28.608333333333334,
    "binary": 30.75,
    "crosstab": 35.199999999999996
  },
  "pred_MAR_randomForestModel_1_2.json": {
    "dstar": 29.78333333333333,
    "ochiai": 32.03333333333333,
    "gp13": 32.03333333333333,
    "op2": 27.25,
    "jaccard": 32.03333333333333,
    "russell": 36.61666666666667,
    "turantula": 32.03333333333333,
    "naish1": 35.166666666666664,
    "binary": 44.0,
    "crosstab": 35.583333333333336
  },
  "pred_MAR_randomForestModel_2_2.json": {
    "dstar": 22.266666666666666,
    "ochiai": 22.183333333333334,
    "gp13": 22.866666666666664,
    "op2": 20.341666666666665,
    "jaccard": 22.183333333333334,
    "russell": 30.683333333333334,
    "turantula": 22.666666666666668,
    "naish1": 30.333333333333332,
    "binary": 51.4,
    "crosstab": 37.74166666666667
  },
  "pred_MAR_randomForestModel_3_2.json": {
    "dstar": 27.616666666666664,
    "ochiai": 27.616666666666664,
    "gp13": 27.116666666666664,
    "op2": 23.483333333333334,
    "jaccard": 27.7,
    "russell": 29.316666666666666,
    "turantula": 27.28333333333333,
    "naish1": 32.75,
    "binary": 47.416666666666664,
    "crosstab": 37.483333333333334
  },
  "pred_MAR_randomForestModel_4_2.json": {
    "dstar": 16.650000000000002,
    "ochiai": 15.983333333333334,
    "gp13": 16.150000000000002,
    "op2": 13.066666666666668,
    "jaccard": 15.983333333333334,
    "russell": 21.71666666666667,
    "turantula": 16.150000000000002,
    "naish1": 17.758333333333333,
    "binary": 34.666666666666664,
    "crosstab": 37.233333333333334
  },
  "pred_MAR_randomForestModel_5_2.json": {
    "dstar": 13.450000000000001,
    "ochiai": 14.700000000000001,
    "gp13": 14.033333333333333,
    "op2": 11.116666666666667,
    "jaccard": 15.033333333333333,
    "russell": 17.533333333333335,
    "turantula": 15.116666666666667,
    "naish1": 13.466666666666667,
    "binary": 23.34166666666667,
    "crosstab": 37.03333333333333
  },
  "pred_MAR_pmt_{i}.json": {
    "dstar": 44.416666666666664,
    "ochiai": 44.416666666666664,
    "gp13": 44.416666666666664,
    "op2": 41.083333333333336,
    "jaccard": 44.416666666666664,
    "russell": 45.25,
    "turantula": 44.416666666666664,
    "naish1": 46.25,
    "binary": 52.833333333333336,
    "crosstab": 46.166666666666664
  },
  "pred_MAR_pmt_1.json": {
    "dstar": 40.916666666666664,
    "ochiai": 40.916666666666664,
    "gp13": 40.916666666666664,
    "op2": 39.333333333333336,
    "jaccard": 40.916666666666664,
    "russell": 41.166666666666664,
    "turantula": 40.916666666666664,
    "naish1": 44.0,
    "binary": 52.833333333333336,
    "crosstab": 47.333333333333336
  },
  "pred_MAR_pmt_2.json": {
    "dstar": 40.583333333333336,
    "ochiai": 40.583333333333336,
    "gp13": 40.583333333333336,
    "op2": 37.333333333333336,
    "jaccard": 40.583333333333336,
    "russell": 40.916666666666664,
    "turantula": 40.583333333333336,
    "naish1": 43.333333333333336,
    "binary": 52.833333333333336,
    "crosstab": 45.75
  },
  "pred_MAR_pmt_3.json": {
    "dstar": 29.45,
    "ochiai": 29.45,
    "gp13": 29.45,
    "op2": 25.5,
    "jaccard": 29.45,