{
    "pred_MAR_logisticRegressionModel.json": {
        "dstar": 11.424616487829804,
        "ochiai": 11.940241487829802,
        "gp13": 11.88034565449647,
        "op2": 11.448449983742105,
        "jaccard": 11.924616487829804,
        "russell": 13.302575134708288,
        "turantula": 12.144753054162022,
        "naish1": 13.997675991731699,
        "binary": 23.337109810479372,
        "crosstab": 18.64651181020067
    },
    "pred_MAR_randomForestModel.json": {
        "dstar": 10.744913310572278,
        "ochiai": 11.161733265979189,
        "gp13": 11.244154705499815,
        "op2": 10.601776175213674,
        "jaccard": 11.17422194351542,
        "russell": 14.564155402266815,
        "turantula": 11.389305207172056,
        "naish1": 12.383877392233371,
        "binary": 22.611653428093646,
        "crosstab": 18.182660082218504
    },
    "pred_MAR_naiveBayesModel.json": {
        "dstar": 12.32865860739502,
        "ochiai": 12.774491940728355,
        "gp13": 12.782825274061688,
        "op2": 12.488127670940173,
        "jaccard": 12.786991940728354,
        "russell": 18.73903753251579,
        "turantula": 12.856834123002603,
        "naish1": 13.425200901151987,
        "binary": 20.838249605165366,
        "crosstab": 18.756673285953177
    },
    "pred_MAR_pmt.json": {
        "dstar": 11.14339145531401,
        "ochiai": 11.628219353864736,
        "gp13": 11.63237382710888,
        "op2": 11.28041591183575,
        "jaccard": 11.586099788647344,
        "russell": 12.987286034466742,
        "turantula": 12.047943956707543,
        "naish1": 14.268120296822744,
        "binary": 23.34265781772575,
        "crosstab": 18.16859496934225
    },
    "pred_MAR_pmbfl.json": {
        "ochiai": 4.053623769044965
    },
    "pred_MAR_pmbfl2.json": {
        "ochiai": 8.908046497584541
    },
    "pred_MAR_pmbfl_2.json": {
        "dstar": 6.252009301839465,
        "ochiai": 3.668586259754738,
        "gp13": 3.5401956173355633,
        "op2": 3.367456335934597,
        "jaccard": 3.7771930741360085,
        "russell": 6.344213059736158,
        "turantula": 3.6303537834448165,
        "naish1": 4.790659838350056,
        "binary": 22.25745540691193,
        "crosstab": 13.95602442168339
    },
    "pred_MAR_pmbfl_1.json": {
        "dstar": 6.548447080546266,
        "ochiai": 3.9964165853771836,
        "gp13": 3.8477561199368266,
        "op2": 3.5511252787068006,
        "jaccard": 4.1104015700483085,
        "russell": 6.538984694351542,
        "turantula": 3.917816041898923,
        "naish1": 4.996909548030471,
        "binary": 22.1788757664437,
        "crosstab": 13.679874175492381
    },
    "pred_MAR_pmbfl_3.json": {
        "dstar": 6.21341276477146,
        "ochiai": 3.8790601193794134,
        "gp13": 3.8019828827573394,
        "op2": 3.5809042293756965,
        "jaccard": 4.006596351263471,
        "russell": 6.547191158026756,
        "turantula": 3.872510509568934,
        "naish1": 4.872906795800818,
        "binary": 22.246470875139355,
        "crosstab": 13.904933691007061
    },
    "pred_MAR_pmbfl_4.json": {
        "dstar": 6.178729445373468,
        "ochiai": 3.799306716833891,
        "gp13": 3.7673224986064664,
        "op2": 3.5291927954292084,
        "jaccard": 3.8994478121516165,
        "russell": 6.466110994983278,
        "turantula": 3.8144283026755854,
        "naish1": 4.894613991081383,
        "binary": 22.106997282608695,
        "crosstab": 13.9194470573207
    },
    "pred_MAR_pmbfl_5.json": {
        "dstar": 6.483433493589743,
        "ochiai": 4.054107441471571,
        "gp13": 3.937093262263099,
        "op2": 3.65658938359346,
        "jaccard": 4.111626428372352,
        "russell": 6.632428987829803,
        "turantula": 3.987577515328874,
        "naish1": 5.246470875139353,
        "binary": 22.10198056020067,
        "crosstab": 14.120993880063173
    },
    "pred_MAR_randomForestModel_20.json": {
        "dstar": 6.68019584959123,
        "ochiai": 6.00899584262356,
        "gp13": 6.413494344574508,
        "op2": 5.720896913322185,
        "jaccard": 5.968983997584541,
        "russell": 9.224824356651801,
        "turantula": 6.196892999814195,
        "naish1": 8.874283781586772,
        "binary": 16.96244280704199,
        "crosstab": 14.39541178929766
    },
    "pred_MAR_randomForestModel_30.json": {
        "dstar": 7.3315992544593085,
        "ochiai": 4.774060816146414,
        "gp13": 4.838611924005947,
        "op2": 4.26185636148272,
        "jaccard": 4.894184318097362,
        "russell": 7.418234392419175,
        "turantula": 4.847450413415087,
        "naish1": 5.952200622445188,
        "binary": 22.147790377647716,
        "crosstab": 13.182635695373467
    },
    "pred_MAR_randomForestModel_40.json": {
        "dstar": 7.747630121237458,
        "ochiai": 4.828946604422148,
        "gp13": 4.80343535163508,
        "op2": 4.38307930369751,
        "jaccard": 4.945766559829059,
        "russell": 7.399868775548123,
        "turantula": 4.852369298123374,
        "naish1": 5.761855780843551,
        "binary": 22.08949449554069,
        "crosstab": 13.717757977982162
    },
    "pred_MAR_randomForestModel_50.json": {
        "dstar": 7.535482859531773,
        "ochiai": 4.6452312105165365,
        "gp13": 4.7046157910628015,
        "op2": 4.323474660906726,
        "jaccard": 4.782663275733928,
        "russell": 7.388990210423634,
        "turantula": 4.819681635544407,
        "naish1": 5.843893417874397,
        "binary": 22.15106953734671,
        "crosstab": 13.57018795289855
    },
    "pred_MAR_randomForestModel_10.json": {
        "dstar": 8.398717658398365,
        "ochiai": 8.071501649015236,
        "gp13": 8.262020392047566,
        "op2": 7.428247514864363,
        "jaccard": 7.993022459123003,
        "russell": 11.034318678000743,
        "turantula": 8.046736807878112,
        "naish1": 9.906799865291713,
        "binary": 15.974231233742103,
        "crosstab": 15.305110785953175
    },
    "pred_MAR_randomForestModel_1_2.json": {
        "dstar": 14.903170621648883,
        "ochiai": 15.179283458087806,
        "gp13": 15.240748261400435,
        "op2": 13.205501141370707,
        "jaccard": 15.173201677549503,
        "russell": 16.872248102139405,
        "turantula": 15.28149917715135,
        "naish1": 18.104585390454954,
        "binary": 16.349275362318842,
        "crosstab": 16.30680973615756
    },
    "pred_MAR_randomForestModel_2_2.json": {
        "dstar": 12.357045475659605,
        "ochiai": 12.618655355815681,
        "gp13": 12.753133128948345,
        "op2": 11.302920324693423,
        "jaccard": 12.483983358881456,
        "russell": 15.422320930880716,
        "turantula": 12.86327979840208,
        "naish1": 15.58678087839093,
        "binary": 19.519687732255665,
        "crosstab": 17.340567226402825
    },
    "pred_MAR_randomForestModel_3_2.json": {
        "dstar": 11.756666318283166,
        "ochiai": 11.56874390328874,
        "gp13": 11.568486970457078,
        "op2": 9.909435967112598,
        "jaccard": 11.546438649665552,
        "russell": 13.564386496655517,
        "turantula": 11.564079048216277,
        "naish1": 14.151023376532887,
        "binary": 15.887647192028986,
        "crosstab": 16.206185839371983
    },
    "pred_MAR_randomForestModel_4_2.json": {
        "dstar": 10.12823648272018,
        "ochiai": 10.284231582125605,
        "gp13": 10.252237783351914,
        "op2": 7.888127670940172,
        "jaccard": 10.280892906911928,
        "russell": 11.848003762541806,
        "turantula": 10.363575924377555,
        "naish1": 11.94080093366778,
        "binary": 14.518650130063172,
        "crosstab": 15.170079373374211
    },
    "pred_MAR_randomForestModel_5_2.json": {
        "dstar": 8.747138319862504,
        "ochiai": 8.504178569769602,
        "gp13": 8.473747270995911,
        "op2": 7.2840292293756965,
        "jaccard": 8.529636694072835,
        "russell": 9.702179138795987,