{
  "kill_lrModel.json": {
    "accuracy": 0.996756880679415,
    "precision": 0.0,
    "recall": 0.0,
    "f1": 0.0,
    "auc": 0.5,
    "prediction_error": 0.0032431193205850802
  },
  "kill_rfModel.json": {
    "accuracy": 0.9978061351769268,
    "precision": 0.7012751338158958,
    "recall": 0.42754348462839187,
    "f1": 0.5048677415221628,
    "auc": 0.71343182040653,
    "prediction_error": 0.0021938648230731416
  },
  "kill_nbModel.json": {
    "accuracy": 0.9582306034359706,
    "precision": 0.011436207272939553,
    "recall": 0.19044856544856542,
    "f1": 0.01639093169415969,
    "auc": 0.5757361237810704,
    "prediction_error": 0.041769396564029546
  },
  "kill_pmtModel.json": {
    "accuracy": 0.996752588020146,
    "precision": 0.0,
    "recall": 0.0,
    "f1": 0.0,
    "auc": 0.5,
    "prediction_error": 0.003247411979853988
  },
  "kill_pmbflModel.json": {
    "accuracy": 0.9980416470226809,
    "precision": 0.7601345076304722,
    "recall": 0.5611275187223278,
    "f1": 0.6371738988346827,
    "auc": 0.78028703939381,
    "prediction_error": 0.001958352977319126
  },
  "kill_pmbfl_2Model.json": {
    "accuracy": 0.9981725348227717,
    "precision": 0.7690111507110999,
    "recall": 0.618129400265009,
    "f1": 0.6812483157858504,
    "auc": 0.8087217623260977,
    "prediction_error": 0.0018274651772282355
  },
  "kill_pmbfl_1Model.json": {
    "accuracy": 0.9974536000812575,
    "precision": 0.6782910039810844,
    "recall": 0.42517176930517037,
    "f1": 0.5087743567235833,
    "auc": 0.7122666444611163,
    "prediction_error": 0.0025463999187424315
  },
  "kill_pmbfl_3Model.json": {
    "accuracy": 0.9983005501522194,
    "precision": 0.8164047973696287,
    "recall": 0.622380982975186,
    "f1": 0.6993620680086591,
    "auc": 0.8109057128020875,
    "prediction_error": 0.0016994498477805819
  },
  "kill_pmbfl_4Model.json": {
    "accuracy": 0.9972210872434182,
    "precision": 0.6020590186925853,
    "recall": 0.44305087486603656,
    "f1": 0.4883267969932936,
    "auc": 0.7209516572006339,
    "prediction_error": 0.002778912756581965
  },
  "kill_pmbfl_5Model.json": {
    "accuracy": 0.9973508232387222,
    "precision": 0.5758633005404707,
    "recall": 0.5116638599592852,
    "f1": 0.526895764827227,
    "auc": 0.755225965486351,
    "prediction_error": 0.0026491767612778433
  },
  "kill_rf_20Model.json": {
    "accuracy": 0.9981160900307685,
    "precision": 0.7767673217297637,
    "recall": 0.5116834838797648,
    "f1": 0.5865272308477449,
    "auc": 0.7555306331057002,
    "prediction_error": 0.0018839099692314837
  },
  "kill_rf_30Model.json": {
    "accuracy": 0.9979286997331781,
    "precision": 0.7334036621938916,
    "recall": 0.47470356800476937,
    "f1": 0.5502278679822928,
    "auc": 0.7370199853586121,
    "prediction_error": 0.0020713002668218375
  },
  "kill_rf_40Model.json": {
    "accuracy": 0.9979062906324082,
    "precision": 0.7182120662051884,
    "recall": 0.47366733954434503,
    "f1": 0.5467555393299501,
    "auc": 0.736498589513714,
    "prediction_error": 0.002093709367591746
  },
  "kill_rf_50Model.json": {
    "accuracy": 0.9978798832200967,
    "precision": 0.71926884625716,
    "recall": 0.47261183539270557,
    "f1": 0.5446601821111543,
    "auc": 0.7359712900896286,
    "prediction_error": 0.0021201167799032037
  },
  "kill_rf_10Model.json": {
    "accuracy": 0.9981673029129142,
    "precision": 0.775929766056141,
    "recall": 0.517477186147987,
    "f1": 0.6047101034703457,
    "auc": 0.7584665298839424,
    "prediction_error": 0.0018326970870857408
  },
  "kill_rf_1_2_Model.json": {
    "accuracy": 0.9969493292258145,
    "precision": 0.4554170769837181,
    "recall": 0.18103934339696778,
    "f1": 0.234860787084693,
    "auc": 0.5901613534021889,
    "prediction_error": 0.003050670774185658
  },
  "kill_rf_2_2_Model.json": {
    "accuracy": 0.9973038448223877,
    "precision": 0.6502859753929008,
    "recall": 0.2667257620623783,
    "f1": 0.34828902370028164,
    "auc": 0.6330390497432182,
    "prediction_error": 0.0026961551776122916
  },
  "kill_rf_3_2_Model.json": {
    "accuracy": 0.9975378317105701,
    "precision": 0.684951987376533,
    "recall": 0.3330515873153507,
    "f1": 0.4125314096931137,
    "auc": 0.6662298538765359,
    "prediction_error": 0.002462168289429909
  },
  "kill_rf_4_2_Model.json": {
    "accuracy": 0.9976699710218319,
    "precision": 0.7055844163529881,
    "recall": 0.3573937305940074,
    "f1": 0.4468893786463666,
    "auc": 0.6783938146842325,
    "prediction_error": 0.002330028978168148
  },
  "kill_rf_5_2_Model.json": {
    "accuracy": 0.997870012389416,
    "precision": 0.7286707522570294,
    "recall": 0.4696690418735875,
    "f1": 0.5423977804297588,
    "auc": 0.7345274415793521,
    "prediction_error": 0.0021299876105838698
  },
  "kill_pmt_1Model.json": {
    "accuracy": 0.9967419308109677,
    "precision": 0.0,
    "recall": 0.0,
    "f1": 0.0,
    "auc": 0.5,
    "prediction_error": 0.0032580691890321816
  },
  "kill_pmt_2Model.json": {
    "accuracy": 0.9967542328235057,
    "precision": 0.0,
    "recall": 0.0,
    "f1": 0.0,
    "auc": 0.5,
    "prediction_error": 0.003245767176494387
  },
  "kill_pmt_3Model.json": {
    "accuracy": 0.9967465938758971,
    "precision": 0.0,
    "recall": 0.0,
    "f1": 0.0,
    "auc": 0.5,
    "prediction_error": 0.0032534061241027527
  },
  "kill_pmt_4Model.json": {
    "accuracy": 0.9967428053797807,
    "precision": 0.0,
    "recall": 0.0,
    "f1": 0.0,
    "auc": 0.5,
    "prediction_error": 0.003257194620219389
  },
  "kill_pmt_5Model.json": {
    "accuracy": 0.9967345717395744,
    "precision": 0.0,
    "recall": 0.0,
    "f1": 0.0,
    "auc": 0.5,
    "prediction_error": 0.0032654282604256245
  },
  "kill_rf_10_2_Model.json": {
    "accuracy": 0.9977439380710997,
    "precision": 0.6988368787459661,
    "recall": 0.41678182949190884,
    "f1": 0.49154067831812914,
    "auc": 0.7080561272399345,
    "prediction_error": 0.002256061928900265
  },
  "kill_pmt_10Model.json": {
    "accuracy": 0.9967466144735111,
    "precision": 0.0,
    "recall": 0.0,
    "f1": 0.0,
    "auc": 0.5,
    "prediction_error": 0.0032533855264888873
  },
  "kill_lr_10_Model.json": {
    "accuracy": 0.9967506828488946,
    "precision": 0.0,
    "recall": 0.0,
    "f1": 0.0,
    "auc": 0.5,
    "prediction_error": 0.0032493171511053832
  },
  "kill_nb_10_Model.json": {
    "accuracy": 0.9962457000738045,
    "precision": 0.047184380453909706,
    "recall": 0.018400844065807984,
    "f1": 0.020824141098271833,
    "auc": 0.5089416861525449,
    "prediction_error": 0.0037542999261954654
  },
  "kill_pmbfl_1_2Model.json": {
    "accuracy": 0.9977095181327144,
    "precision": 0.7042978466454444,
    "recall": 0.4721714964719404,
    "f1": 0.5455697159398814,
    "auc": 0.7355717925166662,
    "prediction_error": 0.0022904818672856973
  },
  "kill_pmbfl_2_2Model.json": {
    "accuracy": 0.9981165287316878,
    "precision": 0.8068279855776156,
    "recall": 0.5321722937798236,
    "f1": 0.6353107809526665,
    "auc": 0.7658449150330003,
    "prediction_error": 0.0018834712683121618
  },
  "kill_pmbfl_3_2Model.json": {
    "accuracy": 0.9979802594795041,
    "precision": 0.738504875893756,
    "recall": 0.60865850118894,
    "f1": 0.6487287639534131,
    "auc": 0.8039792789081854,
    "prediction_error": 0.0020197405204959015
  },
  "kill_pmbfl_4_2Model.json": {
    "accuracy": 0.9980905906279655,
    "precision": 0.7601625728283594,
    "recall": 0.6006668737223821,
    "f1": 0.660486584912931,
    "auc": 0.7999918211350683,
    "prediction_error": 0.0019094093720345676
  },
  "kill_pmbfl_5_2Model.json": {
    "accuracy": 0.9980586968808121,
    "precision": 0.7379223355864346,
    "recall": 0.5997098441047216,
    "f1": 0.6490189323679554,
    "auc": 0.7994758429568316,
    "prediction_error": 0.0019413031191879105
  },
  "kill_nb_15_Model.json": {
    "accuracy": 0.9951265470970256,
    "precision": 0.05781074511712077,