{
  "kill_lrModel.json": {
    "accuracy": 0.9002891090827764,
    "precision": 0.0,
    "recall": 0.0,
    "f1": 0.0,
    "auc": 0.5,
    "prediction_error": 0.09971089091722375
  },
  "kill_nbModel.json": {
    "accuracy": 0.8493618205804854,
    "precision": 0.032920200081606926,
    "recall": 0.13913554562096334,
    "f1": 0.0522880728223549,
    "auc": 0.5295280794370473,
    "prediction_error": 0.15063817941951474
  },
  "kill_rfModel.json": {
    "accuracy": 0.9270953459321676,
    "precision": 0.6573338668463188,
    "recall": 0.3928673105777075,
    "f1": 0.48197153352288463,
    "auc": 0.6855228555525102,
    "prediction_error": 0.07290465406783238
  },
  "kill_pmtModel.json": {
    "accuracy": 0.9049259684183794,
    "precision": 0.24946669684879139,
    "recall": 0.10217637025850569,
    "f1": 0.131973792124829,
    "auc": 0.5405541916710566,
    "prediction_error": 0.0950740315816207
  },
  "kill_pmbflModel.json": {
    "accuracy": 0.9324178629596569,
    "precision": 0.7305222898597772,
    "recall": 0.5068284840994715,
    "f1": 0.5783103634452397,
    "auc": 0.7436358716915598,
    "prediction_error": 0.06758213704034291
  },
  "kill_pmbfl_2Model.json": {
    "accuracy": 0.9423423577181608,
    "precision": 0.7502111768644126,
    "recall": 0.5741960993835937,
    "f1": 0.6439328023330706,
    "auc": 0.7760440384201484,
    "prediction_error": 0.057657642281839366
  },
  "kill_pmbfl_1Model.json": {
    "accuracy": 0.9122304833427607,
    "precision": 0.5602957918937163,
    "recall": 0.4247480806996128,
    "f1": 0.4610788823004803,
    "auc": 0.6902789594649511,
    "prediction_error": 0.08776951665723934
  },
  "kill_pmbfl_3Model.json": {
    "accuracy": 0.9502260071009717,
    "precision": 0.7469496681443487,
    "recall": 0.5888667377730659,
    "f1": 0.652396015088804,
    "auc": 0.7856394063238703,
    "prediction_error": 0.04977399289902838
  },
  "kill_pmbfl_4Model.json": {
    "accuracy": 0.9020416784798585,
    "precision": 0.5494416125607533,
    "recall": 0.40981113762779936,
    "f1": 0.42305351489888265,
    "auc": 0.6796115272056824,
    "prediction_error": 0.09795832152014142
  },
  "kill_pmbfl_5Model.json": {
    "accuracy": 0.9213732333936271,
    "precision": 0.6127275156285958,
    "recall": 0.35212162962721527,
    "f1": 0.4304361509410895,
    "auc": 0.6630378946895683,
    "prediction_error": 0.07862676660637294
  },
  "kill_rf_20Model.json": {
    "accuracy": 0.9401169308262177,
    "precision": 0.7735756755522926,
    "recall": 0.4773399511009725,
    "f1": 0.5719457782665336,
    "auc": 0.7315034287763138,
    "prediction_error": 0.05988306917378225
  },
  "kill_rf_30Model.json": {
    "accuracy": 0.9308687243277062,
    "precision": 0.7002729997081294,
    "recall": 0.41493452920186535,
    "f1": 0.5143154247490377,
    "auc": 0.6979878204757993,
    "prediction_error": 0.06913127567229385
  },
  "kill_rf_40Model.json": {
    "accuracy": 0.9307223315353794,
    "precision": 0.6996288956351739,
    "recall": 0.40667156873390425,
    "f1": 0.4996623903158474,
    "auc": 0.6941730578719382,
    "prediction_error": 0.06927766846462059
  },
  "kill_rf_50Model.json": {
    "accuracy": 0.9317507906232223,
    "precision": 0.699170709710927,
    "recall": 0.41616560247669854,
    "f1": 0.5084238825930996,
    "auc": 0.6997078291105088,
    "prediction_error": 0.06824920937677771
  },
  "kill_rf_10Model.json": {
    "accuracy": 0.9374340598729294,
    "precision": 0.7517569687566692,
    "recall": 0.46867407502942526,
    "f1": 0.5655147952454374,
    "auc": 0.7263319867563532,
    "prediction_error": 0.06256594012707084
  },
  "kill_rf_1_2_Model.json": {
    "accuracy": 0.9087962244979054,
    "precision": 0.45855528040567156,
    "recall": 0.18905663489965294,
    "f1": 0.24501273184889066,
    "auc": 0.5853793226360291,
    "prediction_error": 0.09120377550209448
  },
  "kill_rf_2_2_Model.json": {
    "accuracy": 0.909698702746907,
    "precision": 0.5346224435921076,
    "recall": 0.2469931477509088,
    "f1": 0.3225897227348132,
    "auc": 0.6103303768071568,
    "prediction_error": 0.09030129725309297
  },
  "kill_rf_3_2_Model.json": {
    "accuracy": 0.9207194660607948,
    "precision": 0.6494121828337888,
    "recall": 0.2949938658297037,
    "f1": 0.38266914522620044,
    "auc": 0.6389696300760039,
    "prediction_error": 0.07928053393920545
  },
  "kill_rf_4_2_Model.json": {
    "accuracy": 0.9239051356738345,
    "precision": 0.6295091017425892,
    "recall": 0.3632691862316659,
    "f1": 0.4513905318468331,
    "auc": 0.6705015150438253,
    "prediction_error": 0.07609486432616547
  },
  "kill_rf_5_2_Model.json": {
    "accuracy": 0.926843996665549,
    "precision": 0.6642119362384109,
    "recall": 0.3787939561936197,
    "f1": 0.4706522272041507,
    "auc": 0.6800945794145284,
    "prediction_error": 0.07315600333445103
  },
  "kill_pmt_1Model.json": {
    "accuracy": 0.899774598303017,
    "precision": 0.13547623500872838,
    "recall": 0.039746301102871875,
    "f1": 0.05996411981354903,
    "auc": 0.5148306594986022,
    "prediction_error": 0.10022540169698307
  },
  "kill_pmt_2Model.json": {
    "accuracy": 0.9013978869145335,
    "precision": 0.15626592476543194,
    "recall": 0.09346381443274879,
    "f1": 0.10188759231810884,
    "auc": 0.5345411232034564,
    "prediction_error": 0.09860211308546653
  },
  "kill_pmt_3Model.json": {
    "accuracy": 0.8994795594144691,
    "precision": 0.26853604952885735,
    "recall": 0.11575610897049624,
    "f1": 0.14925215791858207,
    "auc": 0.543799942886192,
    "prediction_error": 0.10052044058553083
  },
  "kill_pmt_4Model.json": {
    "accuracy": 0.8975082713548586,
    "precision": 0.26493386799253643,
    "recall": 0.1474301782821973,
    "f1": 0.17257778348077207,
    "auc": 0.5552497064997988,
    "prediction_error": 0.10249172864514161
  },
  "kill_pmt_5Model.json": {
    "accuracy": 0.8975974237896607,
    "precision": 0.27101517357363564,
    "recall": 0.14599259346395374,
    "f1": 0.17066969826169898,
    "auc": 0.555204193556417,
    "prediction_error": 0.10240257621033927
  },
  "kill_rf_10_2_Model.json": {
    "accuracy": 0.9213473810797067,
    "precision": 0.6233736384934965,
    "recall": 0.330135393196711,
    "f1": 0.4237101601990989,
    "auc": 0.6541956579251919,
    "prediction_error": 0.0786526189202932
  },
  "kill_pmt_10Model.json": {
    "accuracy": 0.9043750233402783,
    "precision": 0.26315003236886764,
    "recall": 0.11150117267718632,
    "f1": 0.14845657171984256,
    "auc": 0.5451962092539696,
    "prediction_error": 0.09562497665972175
  },
  "kill_lr_10_Model.json": {
    "accuracy": 0.8999123539995956,
    "precision": 0.0,
    "recall": 0.0,
    "f1": 0.0,
    "auc": 0.5,
    "prediction_error": 0.10008764600040435
  },
  "kill_nb_10_Model.json": {
    "accuracy": 0.8347474430150488,
    "precision": 0.04972739166657504,
    "recall": 0.20706781436737562,
    "f1": 0.07903312706638786,
    "auc": 0.5530136965379723,
    "prediction_error": 0.1652525569849512
  },
  "kill_pmbfl_1_2Model.json": {
    "accuracy": 0.9182084541510724,
    "precision": 0.6252709520118327,
    "recall": 0.3843253045937865,
    "f1": 0.4668464894565035,
    "auc": 0.6780966167610377,
    "prediction_error": 0.08179154584892737
  },
  "kill_pmbfl_2_2Model.json": {
    "accuracy": 0.9427819499944672,
    "precision": 0.736215567833206,
    "recall": 0.6040100583204073,
    "f1": 0.6461831765781165,
    "auc": 0.7872055211806808,
    "prediction_error": 0.057218050005532664
  },
  "kill_pmbfl_3_2Model.json": {
    "accuracy": 0.939625477587671,
    "precision": 0.7730234990861479,
    "recall": 0.58605592604855,
    "f1": 0.6461547566277521,
    "auc": 0.7796525834714083,
    "prediction_error": 0.060374522412329004
  },
  "kill_pmbfl_4_2Model.json": {
    "accuracy": 0.9437384500179757,
    "precision": 0.7537878413829145,
    "recall": 0.5784823467080803,
    "f1": 0.6405677826923444,
    "auc": 0.7790723097188864,