{
  "kill_lrModel.json": {
    "accuracy": 0.9847544633485729,
    "precision": 0.0,
    "recall": 0.0,
    "f1": 0.0,
    "auc": 0.5,
    "prediction_error": 0.015245536651427149
  },
  "kill_rfModel.json": {
    "accuracy": 0.9942153611248249,
    "precision": 0.8218023116103463,
    "recall": 0.6086015757088632,
    "f1": 0.6716084178282054,
    "auc": 0.803739402931042,
    "prediction_error": 0.0057846388751752395
  },
  "kill_nbModel.json": {
    "accuracy": 0.9096520034109838,
    "precision": 0.2444096062114024,
    "recall": 0.48254008254779823,
    "f1": 0.1875282508929664,
    "auc": 0.6983124996063474,
    "prediction_error": 0.09034799658901609
  },
  "kill_pmtModel.json": {
    "accuracy": 0.98480638480202,
    "precision": 0.03260466839570211,
    "recall": 0.034566737371356744,
    "f1": 0.03355704697986577,
    "auc": 0.5170420003609801,
    "prediction_error": 0.015193615197980258
  },
  "kill_pmbflModel.json": {
    "accuracy": 0.9905075536762675,
    "precision": 0.7475149637609417,
    "recall": 0.5779719594453177,
    "f1": 0.6277297224005871,
    "auc": 0.7874862531030914,
    "prediction_error": 0.00949244632373259
  },
  "kill_pmbfl_2Model.json": {
    "accuracy": 0.9914330554618157,
    "precision": 0.8057665617112758,
    "recall": 0.6092179519973626,
    "f1": 0.6744972166045238,
    "auc": 0.8036496949642972,
    "prediction_error": 0.008566944538184363
  },
  "kill_pmbfl_1Model.json": {
    "accuracy": 0.985904491376942,
    "precision": 0.5824271238174759,
    "recall": 0.35825060183565194,
    "f1": 0.4162587753394439,
    "auc": 0.6774146213223744,
    "prediction_error": 0.014095508623057923
  },
  "kill_pmbfl_3Model.json": {
    "accuracy": 0.992063186084228,
    "precision": 0.8067266386506532,
    "recall": 0.556867736850901,
    "f1": 0.6226725427607915,
    "auc": 0.7775026678579443,
    "prediction_error": 0.007936813915772101
  },
  "kill_pmbfl_4Model.json": {
    "accuracy": 0.9850923992843671,
    "precision": 0.6224387165449693,
    "recall": 0.3770609914854211,
    "f1": 0.4247563888597983,
    "auc": 0.686482239035581,
    "prediction_error": 0.014907600715632853
  },
  "kill_pmbfl_5Model.json": {
    "accuracy": 0.9847661084944346,
    "precision": 0.5826081715671338,
    "recall": 0.38501153931220733,
    "f1": 0.43239457668691156,
    "auc": 0.6909003961132074,
    "prediction_error": 0.015233891505565499
  },
  "kill_rf_20Model.json": {
    "accuracy": 0.9952585274404239,
    "precision": 0.864269564444434,
    "recall": 0.6583853284508666,
    "f1": 0.7242987228547334,
    "auc": 0.8287869529160882,
    "prediction_error": 0.004741472559576218
  },
  "kill_rf_30Model.json": {
    "accuracy": 0.9946380039449335,
    "precision": 0.8339203633932777,
    "recall": 0.6138184101663308,
    "f1": 0.6799282501362386,
    "auc": 0.8063969404632744,
    "prediction_error": 0.005361996055066587
  },
  "kill_rf_40Model.json": {
    "accuracy": 0.9946598647279151,
    "precision": 0.8300232912777633,
    "recall": 0.6319448082843901,
    "f1": 0.6920986788747945,
    "auc": 0.8154566150587523,
    "prediction_error": 0.00534013527208498
  },
  "kill_rf_50Model.json": {
    "accuracy": 0.9946926768564028,
    "precision": 0.8342678667421086,
    "recall": 0.6325687046144363,
    "f1": 0.6917460883300579,
    "auc": 0.8157770642622972,
    "prediction_error": 0.00530732314359699
  },
  "kill_rf_10Model.json": {
    "accuracy": 0.9952162616200263,
    "precision": 0.8791487037843914,
    "recall": 0.6541091686166343,
    "f1": 0.7226321364526024,
    "auc": 0.8266549161019817,
    "prediction_error": 0.004783738379973599
  },
  "kill_rf_1_2_Model.json": {
    "accuracy": 0.9918419118069653,
    "precision": 0.7408563514610578,
    "recall": 0.4842976437419542,
    "f1": 0.5505503594131966,
    "auc": 0.7414783645397514,
    "prediction_error": 0.008158088193034613
  },
  "kill_rf_2_2_Model.json": {
    "accuracy": 0.9929088808779143,
    "precision": 0.7798129145528848,
    "recall": 0.5260613874527259,
    "f1": 0.5953088569277158,
    "auc": 0.7624105007840996,
    "prediction_error": 0.007091119122085597
  },
  "kill_rf_3_2_Model.json": {
    "accuracy": 0.9934252468368845,
    "precision": 0.7987978472870891,
    "recall": 0.5487617551529659,
    "f1": 0.6179461355646636,
    "auc": 0.7737871708442929,
    "prediction_error": 0.0065747531631155254
  },
  "kill_rf_4_2_Model.json": {
    "accuracy": 0.9938016211064429,
    "precision": 0.8143486801964567,
    "recall": 0.5686919117738797,
    "f1": 0.6397765204890435,
    "auc": 0.7838032657492748,
    "prediction_error": 0.006198378893556963
  },
  "kill_rf_5_2_Model.json": {
    "accuracy": 0.9941739466226254,
    "precision": 0.8298485134659019,
    "recall": 0.6002765339224957,
    "f1": 0.6661297461708446,
    "auc": 0.7996062245576671,
    "prediction_error": 0.005826053377374769
  },
  "kill_pmt_1Model.json": {
    "accuracy": 0.984794945915111,
    "precision": 0.06287210286934522,
    "recall": 0.035140926907175955,
    "f1": 0.03483085473531042,
    "auc": 0.5173105334070314,
    "prediction_error": 0.015205054084889006
  },
  "kill_pmt_2Model.json": {
    "accuracy": 0.9847734708965517,
    "precision": 0.06307958204080005,
    "recall": 0.018039388985352275,
    "f1": 0.024057362011920325,
    "auc": 0.5088817702613659,
    "prediction_error": 0.015226529103448372
  },
  "kill_pmt_3Model.json": {
    "accuracy": 0.984818421878818,
    "precision": 0.06297373618942885,
    "recall": 0.052380379417754454,
    "f1": 0.041341539634261515,
    "auc": 0.5258102604340751,
    "prediction_error": 0.015181578121182182
  },
  "kill_pmt_4Model.json": {
    "accuracy": 0.9848045168305561,
    "precision": 0.063181155217795,
    "recall": 0.03536122117340159,
    "f1": 0.03504120808840861,
    "auc": 0.517422465058552,
    "prediction_error": 0.015195483169443991
  },
  "kill_pmt_5Model.json": {
    "accuracy": 0.9847923234589923,
    "precision": 0.06286129296780547,
    "recall": 0.03508640868913056,
    "f1": 0.03482126037660898,
    "auc": 0.5172842584621323,
    "prediction_error": 0.015207676541007702
  },
  "kill_rf_10_2_Model.json": {
    "accuracy": 0.993861257731074,
    "precision": 0.7995894057179163,
    "recall": 0.5849730811465504,
    "f1": 0.6443286348854932,
    "auc": 0.7918914687558524,
    "prediction_error": 0.006138742268925936
  },
  "kill_pmt_10Model.json": {
    "accuracy": 0.9847809185289389,
    "precision": 0.06276822340369088,
    "recall": 0.03493560899619799,
    "f1": 0.034705606968771514,
    "auc": 0.5172085339261818,
    "prediction_error": 0.015219081471061028
  },
  "kill_lr_10_Model.json": {
    "accuracy": 0.9847502152749884,
    "precision": 0.0,
    "recall": 0.0,
    "f1": 0.0,
    "auc": 0.5,
    "prediction_error": 0.01524978472501157
  },
  "kill_nb_10_Model.json": {
    "accuracy": 0.9086719440618999,
    "precision": 0.18559790609513896,
    "recall": 0.43415647862192785,
    "f1": 0.15844904345626026,
    "auc": 0.673317544732523,
    "prediction_error": 0.09132805593810008
  },
  "kill_pmbfl_1_2Model.json": {
    "accuracy": 0.9869964973329316,
    "precision": 0.5720776104691225,
    "recall": 0.42460502739122247,
    "f1": 0.45733867248013427,
    "auc": 0.7107661475949156,
    "prediction_error": 0.013003502667068357
  },
  "kill_pmbfl_2_2Model.json": {
    "accuracy": 0.9912758340499033,
    "precision": 0.840669978086011,
    "recall": 0.5511116525344565,
    "f1": 0.6261640689007919,
    "auc": 0.7747472900784984,
    "prediction_error": 0.008724165950096665
  },
  "kill_pmbfl_3_2Model.json": {
    "accuracy": 0.9910614297051947,
    "precision": 0.8055502664160205,
    "recall": 0.6346719854998157,
    "f1": 0.6916475743238834,
    "auc": 0.8161770278852025,
    "prediction_error": 0.008938570294805243
  },
  "kill_pmbfl_4_2Model.json": {
    "accuracy": 0.9907644641404962,
    "precision": 0.8346295638993805,
    "recall": 0.5904166544294187,
    "f1": 0.6690513968482352,
    "auc": 0.7944901208983255,