{
  "kill_lrModel.json": {
    "accuracy": 0.9496669335777358,
    "precision": 0.13909774436090225,
    "recall": 0.06468531468531469,
    "f1": 0.08830548926014321,
    "auc": 0.5321781443012599,
    "prediction_error": 0.05033306642226414
  },
  "kill_nbModel.json": {
    "accuracy": 0.9533807906199452,
    "precision": 0.32488275348765133,
    "recall": 0.33988453364410187,
    "f1": 0.309015341227745,
    "auc": 0.6617591820525678,
    "prediction_error": 0.04661920938005476
  },
  "kill_rfModel.json": {
    "accuracy": 0.9690085699949363,
    "precision": 0.7241535659945475,
    "recall": 0.6349920955098463,
    "f1": 0.6527814364223387,
    "auc": 0.8114520878247743,
    "prediction_error": 0.030991430005063755
  },
  "kill_pmtModel.json": {
    "accuracy": 0.9485871563623438,
    "precision": 0.0,
    "recall": 0.0,
    "f1": 0.0,
    "auc": 0.5,
    "prediction_error": 0.05141284363765627
  },
  "kill_pmbflModel.json": {
    "accuracy": 0.9750733837960959,
    "precision": 0.7629848819900952,
    "recall": 0.7519226760224607,
    "f1": 0.7556533454658919,
    "auc": 0.8699144808914375,
    "prediction_error": 0.024926616203904118
  },
  "kill_pmbfl_2Model.json": {
    "accuracy": 0.9797496139369825,
    "precision": 0.8274112091665967,
    "recall": 0.7584586828860699,
    "f1": 0.7790688790403583,
    "auc": 0.87495735758711,
    "prediction_error": 0.020250386063017597
  },
  "kill_pmbfl_1Model.json": {
    "accuracy": 0.966667607733516,
    "precision": 0.6560003532975387,
    "recall": 0.6641555389067691,
    "f1": 0.6548579755202338,
    "auc": 0.824004980038579,
    "prediction_error": 0.03333239226648402
  },
  "kill_pmbfl_3Model.json": {
    "accuracy": 0.9808042535536109,
    "precision": 0.8214182564235303,
    "recall": 0.7916839754914154,
    "f1": 0.802882375594327,
    "auc": 0.8913628028497466,
    "prediction_error": 0.01919574644638914
  },
  "kill_pmbfl_4Model.json": {
    "accuracy": 0.9659923548672916,
    "precision": 0.7171691684279087,
    "recall": 0.6258513205918913,
    "f1": 0.6457916546459641,
    "auc": 0.8069308275122559,
    "prediction_error": 0.03400764513270837
  },
  "kill_pmbfl_5Model.json": {
    "accuracy": 0.9691093690222449,
    "precision": 0.6924911380971811,
    "recall": 0.659657007977316,
    "f1": 0.6659131970402238,
    "auc": 0.8224918514354642,
    "prediction_error": 0.030890630977754973
  },
  "kill_rf_20Model.json": {
    "accuracy": 0.9747661523790724,
    "precision": 0.7698761996465322,
    "recall": 0.7288069762871879,
    "f1": 0.7383693123431314,
    "auc": 0.8590837966929371,
    "prediction_error": 0.025233847620927476
  },
  "kill_rf_30Model.json": {
    "accuracy": 0.9722031584278277,
    "precision": 0.7500815530422295,
    "recall": 0.6727098546969787,
    "f1": 0.6991521934887927,
    "auc": 0.8307883960079138,
    "prediction_error": 0.0277968415721722
  },
  "kill_rf_40Model.json": {
    "accuracy": 0.9716773108212955,
    "precision": 0.7373043756475025,
    "recall": 0.6647594793202022,
    "f1": 0.6804277305960317,
    "auc": 0.8262114402904879,
    "prediction_error": 0.028322689178704608
  },
  "kill_rf_50Model.json": {
    "accuracy": 0.9725894264789249,
    "precision": 0.7718405163596428,
    "recall": 0.640067352600601,
    "f1": 0.6752533746245755,
    "auc": 0.814928330734512,
    "prediction_error": 0.02741057352107509
  },
  "kill_rf_10Model.json": {
    "accuracy": 0.9752112854890876,
    "precision": 0.7896112340401364,
    "recall": 0.6918937668423125,
    "f1": 0.7263907757289555,
    "auc": 0.8411459542077319,
    "prediction_error": 0.024788714510912375
  },
  "kill_rf_1_2_Model.json": {
    "accuracy": 0.953737120934837,
    "precision": 0.526977792285006,
    "recall": 0.5789719339159148,
    "f1": 0.5138299750524157,
    "auc": 0.7780160249063416,
    "prediction_error": 0.046262879065162986
  },
  "kill_rf_2_2_Model.json": {
    "accuracy": 0.9601329036546851,
    "precision": 0.6156136865414146,
    "recall": 0.5266922286829302,
    "f1": 0.5372737211263433,
    "auc": 0.7554756922188868,
    "prediction_error": 0.03986709634531493
  },
  "kill_rf_3_2_Model.json": {
    "accuracy": 0.9621859223832007,
    "precision": 0.6096847111679341,
    "recall": 0.573561357926343,
    "f1": 0.5786519040066803,
    "auc": 0.7780962093142608,
    "prediction_error": 0.0378140776167993
  },
  "kill_rf_4_2_Model.json": {
    "accuracy": 0.9626072966314859,
    "precision": 0.6343775772725515,
    "recall": 0.5970754628832522,
    "f1": 0.5925798434828993,
    "auc": 0.7904306970482414,
    "prediction_error": 0.03739270336851396
  },
  "kill_rf_5_2_Model.json": {
    "accuracy": 0.9666506997356543,
    "precision": 0.7017762658590607,
    "recall": 0.566502895932422,
    "f1": 0.6222431181700395,
    "auc": 0.7770105986655144,
    "prediction_error": 0.033349300264345634
  },
  "kill_pmt_1Model.json": {
    "accuracy": 0.9485958325442282,
    "precision": 0.0,
    "recall": 0.0,
    "f1": 0.0,
    "auc": 0.5,
    "prediction_error": 0.051404167455771865
  },
  "kill_pmt_2Model.json": {
    "accuracy": 0.9485994512701318,
    "precision": 0.0,
    "recall": 0.0,
    "f1": 0.0,
    "auc": 0.5,
    "prediction_error": 0.05140054872986816
  },
  "kill_pmt_3Model.json": {
    "accuracy": 0.9469647195612669,
    "precision": 0.08727216790463656,
    "recall": 0.0077791107419834,
    "f1": 0.014220389231500546,
    "auc": 0.502763193022366,
    "prediction_error": 0.053035280438733116
  },
  "kill_pmt_4Model.json": {
    "accuracy": 0.9476915710915602,
    "precision": 0.06576949620427881,
    "recall": 0.006026015267572157,
    "f1": 0.010990559065883308,
    "auc": 0.5022890810349757,
    "prediction_error": 0.05230842890843989
  },
  "kill_pmt_5Model.json": {
    "accuracy": 0.9480057714581062,
    "precision": 0.013374485596707819,
    "recall": 0.0009902498476538695,
    "f1": 0.0018439716312056737,
    "auc": 0.5000862919362181,
    "prediction_error": 0.05199422854189395
  },
  "kill_rf_10_2_Model.json": {
    "accuracy": 0.9699993253042254,
    "precision": 0.7213863344802341,
    "recall": 0.6481832222992222,
    "f1": 0.6735607188006543,
    "auc": 0.8177237114704491,
    "prediction_error": 0.030000674695774558
  },
  "kill_pmt_10Model.json": {
    "accuracy": 0.9487960705677835,
    "precision": 0.0,
    "recall": 0.0,
    "f1": 0.0,
    "auc": 0.5,
    "prediction_error": 0.051203929432216466
  },
  "kill_lr_10_Model.json": {
    "accuracy": 0.949901106372178,
    "precision": 0.1400462962962963,
    "recall": 0.06767337807606265,
    "f1": 0.09125188536953242,
    "auc": 0.5336645127294913,
    "prediction_error": 0.05009889362782208
  },
  "kill_nb_10_Model.json": {
    "accuracy": 0.9523361336250438,
    "precision": 0.18693344982286955,
    "recall": 0.27735469585707767,
    "f1": 0.22256241928540677,
    "auc": 0.6307018424925925,
    "prediction_error": 0.047663866374956225
  },
  "kill_pmbfl_1_2Model.json": {
    "accuracy": 0.9678441886747744,
    "precision": 0.7006016377053544,
    "recall": 0.6743538252633977,
    "f1": 0.6853457115273552,
    "auc": 0.8296435172079392,
    "prediction_error": 0.032155811325225554
  },
  "kill_pmbfl_2_2Model.json": {
    "accuracy": 0.9771561818319134,
    "precision": 0.7788359012129941,
    "recall": 0.7771051897710257,
    "f1": 0.7746947260949728,
    "auc": 0.8829364656604275,
    "prediction_error": 0.0228438181680865
  },
  "kill_pmbfl_3_2Model.json": {
    "accuracy": 0.9780346670291511,
    "precision": 0.7726563325922301,
    "recall": 0.7799453768847431,
    "f1": 0.771121237647365,
    "auc": 0.8838189267483623,
    "prediction_error": 0.021965332970848923
  },
  "kill_pmbfl_4_2Model.json": {
    "accuracy": 0.9778050552189544,
    "precision": 0.758130049682456,
    "recall": 0.8204870093569475,
    "f1": 0.7861943032758093,
    "auc": 0.9036017903911889,
    "prediction_error": 0.022194944781045486
  },
  "kill_pmbfl_5_2Model.json": {
    "accuracy": 0.9784742518766404,