{
  "kill_rfModel.json": {
    "accuracy": 0.9330464352269889,
    "precision": 0.7455836823893645,
    "recall": 0.662245228081527,
    "f1": 0.701447785487878,
    "auc": 0.8158944643100084,
    "prediction_error": 0.06695356477301108
  },
  "kill_lrModel.json": {
    "accuracy": 0.8812318687441163,
    "precision": 0.0,
    "recall": 0.0,
    "f1": 0.0,
    "auc": 0.5,
    "prediction_error": 0.11876813125588365
  },
  "kill_nbModel.json": {
    "accuracy": 0.8812318687441163,
    "precision": 0.0,
    "recall": 0.0,
    "f1": 0.0,
    "auc": 0.5,
    "prediction_error": 0.11876813125588365
  },
  "kill_pmtModel.json": {
    "accuracy": 0.9038827303990317,
    "precision": 0.6157605375687233,
    "recall": 0.49250814332247556,
    "f1": 0.5472807890688626,
    "auc": 0.7257034410934,
    "prediction_error": 0.09611726960096828
  },
  "kill_pmbflModel.json": {
    "accuracy": 0.9340070315651957,
    "precision": 0.7484323127997049,
    "recall": 0.6620982215695872,
    "f1": 0.7026231495108649,
    "auc": 0.8161978412407842,
    "prediction_error": 0.06599296843480433
  },
  "kill_pmbfl_2Model.json": {
    "accuracy": 0.9452753522953229,
    "precision": 0.7910567475436134,
    "recall": 0.7258509659613616,
    "f1": 0.7570523891767417,
    "auc": 0.8501661951497597,
    "prediction_error": 0.054724647704677096
  },
  "kill_pmbfl_1Model.json": {
    "accuracy": 0.9357439266879917,
    "precision": 0.7597684515195369,
    "recall": 0.6698869850528618,
    "f1": 0.7120023249055507,
    "auc": 0.8206970112356654,
    "prediction_error": 0.0642560733120083
  },
  "kill_pmbfl_3Model.json": {
    "accuracy": 0.9467234373649175,
    "precision": 0.7952238805970149,
    "recall": 0.7356406480117821,
    "f1": 0.7642727359663384,
    "auc": 0.8552211468092997,
    "prediction_error": 0.05327656263508256
  },
  "kill_pmbfl_4Model.json": {
    "accuracy": 0.9394181723869629,
    "precision": 0.7780821917808219,
    "recall": 0.6784270488790886,
    "f1": 0.7248453911848434,
    "auc": 0.8263173308374279,
    "prediction_error": 0.06058182761303709
  },
  "kill_pmbfl_5Model.json": {
    "accuracy": 0.9404339932566785,
    "precision": 0.7888303477344574,
    "recall": 0.6809168637438603,
    "f1": 0.7309119312634252,
    "auc": 0.8281702858858124,
    "prediction_error": 0.05956600674332152
  },
  "kill_rf_20Model.json": {
    "accuracy": 0.9489208486747086,
    "precision": 0.8229646697388633,
    "recall": 0.729531914893617,
    "f1": 0.7734367950915816,
    "auc": 0.8541153706248882,
    "prediction_error": 0.0510791513252914
  },
  "kill_rf_30Model.json": {
    "accuracy": 0.9374081438575257,
    "precision": 0.7648369455134697,
    "recall": 0.685175104336781,
    "f1": 0.7228177641653906,
    "auc": 0.8283446000374682,
    "prediction_error": 0.06259185614247428
  },
  "kill_rf_40Model.json": {
    "accuracy": 0.9384239647272413,
    "precision": 0.773713313483624,
    "recall": 0.670846394984326,
    "f1": 0.7186172839506173,
    "auc": 0.8223983474493181,
    "prediction_error": 0.06157603527275871
  },
  "kill_rf_50Model.json": {
    "accuracy": 0.9369974928676407,
    "precision": 0.7613728675873274,
    "recall": 0.6830023683731099,
    "f1": 0.7200614616344952,
    "auc": 0.8270942590535207,
    "prediction_error": 0.0630025071323593
  },
  "kill_rf_10Model.json": {
    "accuracy": 0.9453228564292713,
    "precision": 0.816175071360609,
    "recall": 0.6952504457772735,
    "f1": 0.750875350140056,
    "auc": 0.8370982188347593,
    "prediction_error": 0.05467714357072871
  },
  "kill_rf_1_2_Model.json": {
    "accuracy": 0.897932094452983,
    "precision": 0.6539608882996354,
    "recall": 0.29130370589103793,
    "f1": 0.40306435137895813,
    "auc": 0.6353117384515309,
    "prediction_error": 0.1020679055470169
  },
  "kill_rf_2_2_Model.json": {
    "accuracy": 0.9106355199548326,
    "precision": 0.6534391534391535,
    "recall": 0.5169681566751383,
    "f1": 0.5772473082380436,
    "auc": 0.7401400426497178,
    "prediction_error": 0.08936448004516744
  },
  "kill_rf_3_2_Model.json": {
    "accuracy": 0.9104262108058967,
    "precision": 0.662214126695001,
    "recall": 0.49366324683162344,
    "f1": 0.5656495807762122,
    "auc": 0.7299631550201859,
    "prediction_error": 0.08957378919410328
  },
  "kill_rf_4_2_Model.json": {
    "accuracy": 0.9153113236433061,
    "precision": 0.6786598134399391,
    "recall": 0.5418756649946801,
    "f1": 0.6026031102096011,
    "auc": 0.7536929303682893,
    "prediction_error": 0.08468867635669386
  },
  "kill_rf_5_2_Model.json": {
    "accuracy": 0.9166954844111169,
    "precision": 0.7121507472384665,
    "recall": 0.5030599755201959,
    "f1": 0.589617143369497,
    "auc": 0.7378026342781635,
    "prediction_error": 0.08330451558888302
  },
  "kill_pmt_1Model.json": {
    "accuracy": 0.8881863909459271,
    "precision": 0.5431235431235432,
    "recall": 0.3440637920850561,
    "f1": 0.4212619779425059,
    "auc": 0.6526198050830161,
    "prediction_error": 0.11181360905407293
  },
  "kill_pmt_2Model.json": {
    "accuracy": 0.8952856487526024,
    "precision": 0.5819636678200693,
    "recall": 0.4020618556701031,
    "f1": 0.47556772996377134,
    "auc": 0.6816951270948294,
    "prediction_error": 0.10471435124739759
  },
  "kill_pmt_3Model.json": {
    "accuracy": 0.8976630599475927,
    "precision": 0.6025028441410694,
    "recall": 0.3986750978620897,
    "f1": 0.47984053637763885,
    "auc": 0.6816757417045652,
    "prediction_error": 0.10233694005240736
  },
  "kill_pmt_4Model.json": {
    "accuracy": 0.8961113812791557,
    "precision": 0.593900481540931,
    "recall": 0.3931987247608927,
    "f1": 0.47314578005115093,
    "auc": 0.6785035598709437,
    "prediction_error": 0.10388861872084436
  },
  "kill_pmt_5Model.json": {
    "accuracy": 0.9007880894745464,
    "precision": 0.5931716082659478,
    "recall": 0.5087854500616523,
    "f1": 0.5477474487679416,
    "auc": 0.7310308428721223,
    "prediction_error": 0.09921191052545365
  },
  "kill_rf_10_2_Model.json": {
    "accuracy": 0.925111909473401,
    "precision": 0.7343461301580784,
    "recall": 0.578708946772367,
    "f1": 0.6473036554469779,
    "auc": 0.775249393813478,
    "prediction_error": 0.07488809052659891
  },
  "kill_pmt_10Model.json": {
    "accuracy": 0.9021920808437878,
    "precision": 0.6086956521739131,
    "recall": 0.48816088225754134,
    "f1": 0.5418054180541805,
    "auc": 0.7229951191281168,
    "prediction_error": 0.09780791915621218
  },
  "kill_lr_10_Model.json": {
    "accuracy": 0.8824806439837851,
    "precision": 0.0,
    "recall": 0.0,
    "f1": 0.0,
    "auc": 0.5,
    "prediction_error": 0.11751935601621487
  },
  "kill_nb_10_Model.json": {
    "accuracy": 0.8821348293020307,
    "precision": 0.0,
    "recall": 0.0,
    "f1": 0.0,
    "auc": 0.5,
    "prediction_error": 0.1178651706979693
  },
  "kill_pmbfl_1_2Model.json": {
    "accuracy": 0.8860202715624402,
    "precision": 0.49859353023909986,
    "recall": 0.5968013468013468,
    "f1": 0.5432950191570881,
    "auc": 0.7599432839724102,
    "prediction_error": 0.11397972843755977
  },
  "kill_pmbfl_2_2Model.json": {
    "accuracy": 0.9318582651915985,
    "precision": 0.7309753483386924,
    "recall": 0.7087555209145232,
    "f1": 0.7196939717715342,
    "auc": 0.836013698414534,
    "prediction_error": 0.06814173480840148
  },
  "kill_pmbfl_3_2Model.json": {
    "accuracy": 0.9542159831177173,
    "precision": 0.7617794156356936,
    "recall": 0.8301778542742398,
    "f1": 0.7945092656142759,
    "auc": 0.8995981873473147,
    "prediction_error": 0.04578401688228278
  },
  "kill_pmbfl_4_2Model.json": {
    "accuracy": 0.9385309679427326,
    "precision": 0.7794536141149687,
    "recall": 0.6953541507996953,
    "f1": 0.7350060378371126,
    "auc": 0.8339315537794725,
    "prediction_error": 0.06146903205726735
  },
  "kill_pmbfl_5_2Model.json": {
    "accuracy": 0.9554224883566201,
    "precision": 0.7623810685533057,