{
  "kill_lrModel.json": {
    "accuracy": 0.9959124245390755,
    "precision": 0.041666666666666664,
    "recall": 0.025518741633199463,
    "f1": 0.031652137816521375,
    "auc": 0.5127593708165997,
    "prediction_error": 0.0040875754609247745
  },
  "kill_rfModel.json": {
    "accuracy": 0.9976733398092675,
    "precision": 0.7622937184733808,
    "recall": 0.5106428282891399,
    "f1": 0.5939445650813956,
    "auc": 0.7549810020017379,
    "prediction_error": 0.0023266601907326423
  },
  "kill_nbModel.json": {
    "accuracy": 0.9921626239832716,
    "precision": 0.17953879723565244,
    "recall": 0.30964636677330776,
    "f1": 0.18642544155505758,
    "auc": 0.6520481662500457,
    "prediction_error": 0.007837376016728476
  },
  "kill_pmtModel.json": {
    "accuracy": 0.9958907359636964,
    "precision": 0.0,
    "recall": 0.0,
    "f1": 0.0,
    "auc": 0.5,
    "prediction_error": 0.0041092640363038216
  },
  "kill_pmbflModel.json": {
    "accuracy": 0.997828691434536,
    "precision": 0.7596382467161273,
    "recall": 0.6007833448618336,
    "f1": 0.6534653290016877,
    "auc": 0.7999883469388546,
    "prediction_error": 0.0021713085654639494
  },
  "kill_pmbfl_2Model.json": {
    "accuracy": 0.9981319091541829,
    "precision": 0.8178811527564296,
    "recall": 0.6213602042412845,
    "f1": 0.6941861503172024,
    "auc": 0.8103717601040149,
    "prediction_error": 0.001868090845817077
  },
  "kill_pmbfl_1Model.json": {
    "accuracy": 0.9971891233542266,
    "precision": 0.7360221919221425,
    "recall": 0.5381179183150973,
    "f1": 0.6017604728585102,
    "auc": 0.7685414990894456,
    "prediction_error": 0.0028108766457732148
  },
  "kill_pmbfl_3Model.json": {
    "accuracy": 0.9980167333947545,
    "precision": 0.7907252612986606,
    "recall": 0.6292588215405167,
    "f1": 0.6906653112573088,
    "auc": 0.8142584308101003,
    "prediction_error": 0.001983266605245416
  },
  "kill_pmbfl_4Model.json": {
    "accuracy": 0.9971628062156657,
    "precision": 0.7027927999218552,
    "recall": 0.5470396102376306,
    "f1": 0.6023655300022729,
    "auc": 0.7730129181417769,
    "prediction_error": 0.0028371937843343904
  },
  "kill_pmbfl_5Model.json": {
    "accuracy": 0.9973694635893312,
    "precision": 0.7120393924177054,
    "recall": 0.5410053460966603,
    "f1": 0.6016137947937975,
    "auc": 0.7699931305560695,
    "prediction_error": 0.002630536410669121
  },
  "kill_rf_20Model.json": {
    "accuracy": 0.9980586479766207,
    "precision": 0.7852265382167612,
    "recall": 0.58060996472382,
    "f1": 0.651250836923694,
    "auc": 0.7899786006833053,
    "prediction_error": 0.0019413520233790636
  },
  "kill_rf_30Model.json": {
    "accuracy": 0.9978588333956927,
    "precision": 0.7546521259160116,
    "recall": 0.5484173305703391,
    "f1": 0.6158263915739248,
    "auc": 0.7738603825526454,
    "prediction_error": 0.0021411666043071416
  },
  "kill_rf_40Model.json": {
    "accuracy": 0.9977728156714049,
    "precision": 0.7447080893917368,
    "recall": 0.5308545183165898,
    "f1": 0.6049015823548108,
    "auc": 0.7650745150645014,
    "prediction_error": 0.0022271843285954474
  },
  "kill_rf_50Model.json": {
    "accuracy": 0.9978457644256583,
    "precision": 0.7611245828863714,
    "recall": 0.533411090662092,
    "f1": 0.6104265975594104,
    "auc": 0.7663700979888953,
    "prediction_error": 0.002154235574341726
  },
  "kill_rf_10Model.json": {
    "accuracy": 0.9980537728017224,
    "precision": 0.7906176944999231,
    "recall": 0.5726647915235358,
    "f1": 0.6483161441954736,
    "auc": 0.7860243562963786,
    "prediction_error": 0.0019462271982778675
  },
  "kill_rf_1_2_Model.json": {
    "accuracy": 0.9964193248958727,
    "precision": 0.49361543875356656,
    "recall": 0.24903418687932055,
    "f1": 0.2947902795311893,
    "auc": 0.62412531819588,
    "prediction_error": 0.0035806751041272448
  },
  "kill_rf_2_2_Model.json": {
    "accuracy": 0.9967705947534821,
    "precision": 0.6225613191602787,
    "recall": 0.3727311468294637,
    "f1": 0.4152271689747462,
    "auc": 0.6858444495183343,
    "prediction_error": 0.0032294052465178594
  },
  "kill_rf_3_2_Model.json": {
    "accuracy": 0.9969317736769012,
    "precision": 0.628346458665344,
    "recall": 0.4048572612250101,
    "f1": 0.45500849502840285,
    "auc": 0.7019481261890649,
    "prediction_error": 0.0030682263230989337
  },
  "kill_rf_4_2_Model.json": {
    "accuracy": 0.9971190987907205,
    "precision": 0.6994553715172711,
    "recall": 0.3912683380855943,
    "f1": 0.4734469454204362,
    "auc": 0.695252343132755,
    "prediction_error": 0.002880901209279628
  },
  "kill_rf_5_2_Model.json": {
    "accuracy": 0.9971827984131006,
    "precision": 0.7136579221698107,
    "recall": 0.4235148685237025,
    "f1": 0.49638787586750377,
    "auc": 0.7113124202843464,
    "prediction_error": 0.002817201586899212
  },
  "kill_pmt_1Model.json": {
    "accuracy": 0.9958737262665073,
    "precision": 0.0,
    "recall": 0.0,
    "f1": 0.0,
    "auc": 0.5,
    "prediction_error": 0.004126273733492639
  },
  "kill_pmt_2Model.json": {
    "accuracy": 0.9958866411220519,
    "precision": 0.0,
    "recall": 0.0,
    "f1": 0.0,
    "auc": 0.5,
    "prediction_error": 0.00411335887794811
  },
  "kill_pmt_3Model.json": {
    "accuracy": 0.9958633145253651,
    "precision": 0.0,
    "recall": 0.0,
    "f1": 0.0,
    "auc": 0.5,
    "prediction_error": 0.004136685474634681
  },
  "kill_pmt_4Model.json": {
    "accuracy": 0.9958732434692076,
    "precision": 0.0,
    "recall": 0.0,
    "f1": 0.0,
    "auc": 0.5,
    "prediction_error": 0.004126756530792614
  },
  "kill_pmt_5Model.json": {
    "accuracy": 0.9958716388335339,
    "precision": 0.0,
    "recall": 0.0,
    "f1": 0.0,
    "auc": 0.5,
    "prediction_error": 0.004128361166465985
  },
  "kill_rf_10_2_Model.json": {
    "accuracy": 0.9974380540828592,
    "precision": 0.7222104308512661,
    "recall": 0.4677247494907228,
    "f1": 0.5438228162483661,
    "auc": 0.7334690908882436,
    "prediction_error": 0.002561945917140649
  },
  "kill_pmt_10Model.json": {
    "accuracy": 0.9958762575729585,
    "precision": 0.0,
    "recall": 0.0,
    "f1": 0.0,
    "auc": 0.5,
    "prediction_error": 0.004123742427041526
  },
  "kill_lr_10_Model.json": {
    "accuracy": 0.9959160735605194,
    "precision": 0.041666666666666664,
    "recall": 0.025347912524850896,
    "f1": 0.0315203955500618,
    "auc": 0.5126739562624255,
    "prediction_error": 0.004083926439480725
  },
  "kill_nb_10_Model.json": {
    "accuracy": 0.952017271682302,
    "precision": 0.1617982576313828,
    "recall": 0.2529051182444541,
    "f1": 0.12892941585272102,
    "auc": 0.6036670203542261,
    "prediction_error": 0.0479827283176981
  },
  "kill_pmbfl_1_2Model.json": {
    "accuracy": 0.9972447222429485,
    "precision": 0.711538638035289,
    "recall": 0.5280128159455358,
    "f1": 0.5930114149815369,
    "auc": 0.7635017201613451,
    "prediction_error": 0.0027552777570513678
  },
  "kill_pmbfl_2_2Model.json": {
    "accuracy": 0.9981599831969029,
    "precision": 0.8143205888575115,
    "recall": 0.6068912344702523,
    "f1": 0.6859503999204918,
    "auc": 0.8032011999818178,
    "prediction_error": 0.0018400168030971796
  },
  "kill_pmbfl_3_2Model.json": {
    "accuracy": 0.9980379736234019,
    "precision": 0.7991282964001812,
    "recall": 0.6271460407478043,
    "f1": 0.6912767243524561,
    "auc": 0.8132418323092917,
    "prediction_error": 0.0019620263765981983
  },
  "kill_pmbfl_4_2Model.json": {
    "accuracy": 0.9980471164266705,
    "precision": 0.7949390198443673,
    "recall": 0.6373769567074077,
    "f1": 0.6954547967403575,
    "auc": 0.8183062582690539,
    "prediction_error": 0.0019528835733293793
  },
  "kill_pmbfl_5_2Model.json": {
    "accuracy": 0.9981035089922271,
    "precision": 0.7979885062297515,
    "recall": 0.6500793790207537,
    "f1": 0.7011402206896337,
    "auc": 0.8246752520204641,