{
  "kill_lrModel.json": {
    "accuracy": 0.9951821784980883,
    "precision": 0.15600569167037717,
    "recall": 0.046106721335380275,
    "f1": 0.05864527783980921,
    "auc": 0.5230284307143444,
    "prediction_error": 0.004817821501911856
  },
  "kill_rfModel.json": {
    "accuracy": 0.9975988829225508,
    "precision": 0.7561421447552253,
    "recall": 0.6379934181409052,
    "f1": 0.6692185535702978,
    "auc": 0.8185670044300004,
    "prediction_error": 0.0024011170774494305
  },
  "kill_nbModel.json": {
    "accuracy": 0.9932193737575519,
    "precision": 0.24545686133226963,
    "recall": 0.2576738029132923,
    "f1": 0.19322880737528536,
    "auc": 0.6274140790809315,
    "prediction_error": 0.006780626242448182
  },
  "kill_pmtModel.json": {
    "accuracy": 0.9951002462927656,
    "precision": 0.0,
    "recall": 0.0,
    "f1": 0.0,
    "auc": 0.5,
    "prediction_error": 0.00489975370723424
  },
  "kill_pmbflModel.json": {
    "accuracy": 0.9976555065684183,
    "precision": 0.7809925216889413,
    "recall": 0.6959690649947458,
    "f1": 0.7223631294232754,
    "auc": 0.8474838618437911,
    "prediction_error": 0.0023444934315816988
  },
  "kill_pmbfl_2Model.json": {
    "accuracy": 0.9980191052329468,
    "precision": 0.8141142864977027,
    "recall": 0.7454334206989123,
    "f1": 0.7702855273894068,
    "auc": 0.8723071492004206,
    "prediction_error": 0.0019808947670530447
  },
  "kill_pmbfl_1Model.json": {
    "accuracy": 0.9972702946127899,
    "precision": 0.7346849371269456,
    "recall": 0.6724664070889778,
    "f1": 0.693120977274763,
    "auc": 0.8356623146181393,
    "prediction_error": 0.0027297053872103105
  },
  "kill_pmbfl_3Model.json": {
    "accuracy": 0.9979965911663327,
    "precision": 0.8110864786330387,
    "recall": 0.7492346601467341,
    "f1": 0.7711979212240486,
    "auc": 0.8742001223443069,
    "prediction_error": 0.002003408833667218
  },
  "kill_pmbfl_4Model.json": {
    "accuracy": 0.997282865491244,
    "precision": 0.7329832580490891,
    "recall": 0.6667897757940774,
    "f1": 0.6852361454595106,
    "auc": 0.8327820482256209,
    "prediction_error": 0.0027171345087558326
  },
  "kill_pmbfl_5Model.json": {
    "accuracy": 0.9971916829287347,
    "precision": 0.7433189799585762,
    "recall": 0.6699293034114076,
    "f1": 0.6907602763951459,
    "auc": 0.8344147026776549,
    "prediction_error": 0.002808317071265251
  },
  "kill_rf_20Model.json": {
    "accuracy": 0.9980124883079047,
    "precision": 0.8002552594106546,
    "recall": 0.6899871679379784,
    "f1": 0.7265759926558725,
    "auc": 0.844632278341242,
    "prediction_error": 0.0019875116920952817
  },
  "kill_rf_30Model.json": {
    "accuracy": 0.9977572964866576,
    "precision": 0.7872793781424978,
    "recall": 0.6642433213476528,
    "f1": 0.7030694791316272,
    "auc": 0.8316989760547656,
    "prediction_error": 0.0022427035133424124
  },
  "kill_rf_40Model.json": {
    "accuracy": 0.9977741974277873,
    "precision": 0.7937513952604255,
    "recall": 0.6538816815119486,
    "f1": 0.6982682506853145,
    "auc": 0.8265205649254044,
    "prediction_error": 0.0022258025722125016
  },
  "kill_rf_50Model.json": {
    "accuracy": 0.9977256977799943,
    "precision": 0.7730225196650006,
    "recall": 0.6634356296949655,
    "f1": 0.6976829255379811,
    "auc": 0.8312728212458257,
    "prediction_error": 0.002274302220006004
  },
  "kill_rf_10Model.json": {
    "accuracy": 0.9980144299541075,
    "precision": 0.7869708416690426,
    "recall": 0.7072439454708311,
    "f1": 0.7301042782412475,
    "auc": 0.8532330666914357,
    "prediction_error": 0.0019855700458923935
  },
  "kill_rf_1_2_Model.json": {
    "accuracy": 0.9961497605763832,
    "precision": 0.5126594423709561,
    "recall": 0.3662732998112056,
    "f1": 0.3912617731182003,
    "auc": 0.6825183977940873,
    "prediction_error": 0.003850239423616963
  },
  "kill_rf_2_2_Model.json": {
    "accuracy": 0.9965691153371085,
    "precision": 0.5876693466650967,
    "recall": 0.4538831596255444,
    "f1": 0.48108375457911123,
    "auc": 0.726310666017965,
    "prediction_error": 0.0034308846628917705
  },
  "kill_rf_3_2_Model.json": {
    "accuracy": 0.9967889171212552,
    "precision": 0.6502773711608987,
    "recall": 0.5126590547519543,
    "f1": 0.5445094040081291,
    "auc": 0.755778187095294,
    "prediction_error": 0.003211082878744888
  },
  "kill_rf_4_2_Model.json": {
    "accuracy": 0.9969455163160548,
    "precision": 0.6824328009293038,
    "recall": 0.5225122096521047,
    "f1": 0.5591755713352817,
    "auc": 0.7607345174754585,
    "prediction_error": 0.0030544836839452275
  },
  "kill_rf_5_2_Model.json": {
    "accuracy": 0.9971594373878494,
    "precision": 0.7216709659862997,
    "recall": 0.5816523899969817,
    "f1": 0.613086020786061,
    "auc": 0.7903352685703086,
    "prediction_error": 0.002840562612150968
  },
  "kill_pmt_1Model.json": {
    "accuracy": 0.9950972310868942,
    "precision": 0.0,
    "recall": 0.0,
    "f1": 0.0,
    "auc": 0.5,
    "prediction_error": 0.004902768913106034
  },
  "kill_pmt_2Model.json": {
    "accuracy": 0.9950991973934221,
    "precision": 0.0,
    "recall": 0.0,
    "f1": 0.0,
    "auc": 0.5,
    "prediction_error": 0.004900802606577613
  },
  "kill_pmt_3Model.json": {
    "accuracy": 0.9950990177419589,
    "precision": 0.0,
    "recall": 0.0,
    "f1": 0.0,
    "auc": 0.5,
    "prediction_error": 0.004900982258040975
  },
  "kill_pmt_4Model.json": {
    "accuracy": 0.9951020680803794,
    "precision": 0.0,
    "recall": 0.0,
    "f1": 0.0,
    "auc": 0.5,
    "prediction_error": 0.004897931919620758
  },
  "kill_pmt_5Model.json": {
    "accuracy": 0.9950933604709783,
    "precision": 0.0,
    "recall": 0.0,
    "f1": 0.0,
    "auc": 0.5,
    "prediction_error": 0.004906639529021486
  },
  "kill_rf_10_2_Model.json": {
    "accuracy": 0.9974411357277725,
    "precision": 0.7480837800470386,
    "recall": 0.6288440294060073,
    "f1": 0.657949919168752,
    "auc": 0.8139444459660453,
    "prediction_error": 0.002558864272227576
  },
  "kill_pmt_10Model.json": {
    "accuracy": 0.9950993883585322,
    "precision": 0.0,
    "recall": 0.0,
    "f1": 0.0,
    "auc": 0.5,
    "prediction_error": 0.00490061164146766
  },
  "kill_lr_10_Model.json": {
    "accuracy": 0.9951693672900848,
    "precision": 0.14084638719021825,
    "recall": 0.03199728809440366,
    "f1": 0.043915785667845306,
    "auc": 0.5159759907164139,
    "prediction_error": 0.0048306327099156285
  },
  "kill_nb_10_Model.json": {
    "accuracy": 0.9943416046870681,
    "precision": 0.25373416677353705,
    "recall": 0.19824584446896165,
    "f1": 0.15640603581327997,
    "auc": 0.5984344694693725,
    "prediction_error": 0.005658395312931952
  },
  "kill_pmbfl_1_2Model.json": {
    "accuracy": 0.9972956085613857,
    "precision": 0.7504892140917044,
    "recall": 0.6497427534530029,
    "f1": 0.6833345158789986,
    "auc": 0.8243447215532392,
    "prediction_error": 0.002704391438614483
  },
  "kill_pmbfl_2_2Model.json": {
    "accuracy": 0.9979716936298755,
    "precision": 0.8074291934284956,
    "recall": 0.7338072665580889,
    "f1": 0.7586879000659063,
    "auc": 0.8664568100905189,
    "prediction_error": 0.002028306370124387
  },
  "kill_pmbfl_3_2Model.json": {
    "accuracy": 0.9980844077981209,
    "precision": 0.8184269487882593,
    "recall": 0.7692784889289269,
    "f1": 0.7864025214002474,
    "auc": 0.8842298809001541,
    "prediction_error": 0.0019155922018789515
  },
  "kill_pmbfl_4_2Model.json": {
    "accuracy": 0.9980389451727648,
    "precision": 0.8149284064273175,
    "recall": 0.7644117276979435,
    "f1": 0.7803096548686115,
    "auc": 0.8817578973871198,
    "prediction_error": 0.00196105482723546
  },
  "kill_pmbfl_5_2Model.json": {
    "accuracy": 0.9980412630552505,
    "precision": 0.8206272214283463,
    "recall": 0.7409164154348598,
    "f1": 0.7714841755765832,
    "auc": 0.8700554690270894,
    "prediction_error": 0.001958736944749915
  },