{
  "kill_lrModel.json": {
    "accuracy": 0.9896694208596465,
    "precision": 0.0,
    "recall": 0.0,
    "f1": 0.0,
    "auc": 0.5,
    "prediction_error": 0.0103305791403535
  },
  "kill_rfModel.json": {
    "accuracy": 0.9944082136922031,
    "precision": 0.8955852191972714,
    "recall": 0.44899194636413825,
    "f1": 0.5836301470026949,
    "auc": 0.7243097550238254,
    "prediction_error": 0.005591786307796914
  },
  "kill_nbModel.json": {
    "accuracy": 0.8092707358408612,
    "precision": 0.09356895214154437,
    "recall": 0.5662479648398806,
    "f1": 0.07092822487682243,
    "auc": 0.6888350304475619,
    "prediction_error": 0.1907292641591389
  },
  "kill_pmtModel.json": {
    "accuracy": 0.9905031517731793,
    "precision": 0.24752671204497678,
    "recall": 0.1012416291403812,
    "f1": 0.14190238281682124,
    "auc": 0.5503894076153328,
    "prediction_error": 0.009496848226820677
  },
  "kill_pmbflModel.json": {
    "accuracy": 0.9932016333593143,
    "precision": 0.8524680282374968,
    "recall": 0.47189057605771617,
    "f1": 0.5955098977167722,
    "auc": 0.7353778467523857,
    "prediction_error": 0.006798366640685626
  },
  "kill_pmbfl_2Model.json": {
    "accuracy": 0.9940557984287107,
    "precision": 0.8831852500957393,
    "recall": 0.5356073472803139,
    "f1": 0.6475113310345906,
    "auc": 0.7673856240059823,
    "prediction_error": 0.0059442015712892005
  },
  "kill_pmbfl_1Model.json": {
    "accuracy": 0.9920729470614228,
    "precision": 0.7108758841486681,
    "recall": 0.41194232948942594,
    "f1": 0.5134867743233811,
    "auc": 0.7052426605210086,
    "prediction_error": 0.007927052938577442
  },
  "kill_pmbfl_3Model.json": {
    "accuracy": 0.9952763156432622,
    "precision": 0.8894500627077512,
    "recall": 0.6157889200897138,
    "f1": 0.7235585475533268,
    "auc": 0.8075316476247679,
    "prediction_error": 0.004723684356737813
  },
  "kill_pmbfl_4Model.json": {
    "accuracy": 0.9917655938321976,
    "precision": 0.6410177580674333,
    "recall": 0.37937661356140184,
    "f1": 0.4701309949796069,
    "auc": 0.688684544031304,
    "prediction_error": 0.008234406167802345
  },
  "kill_pmbfl_5Model.json": {
    "accuracy": 0.9917899942545755,
    "precision": 0.6762645871595828,
    "recall": 0.36893358829494405,
    "f1": 0.46190573818567177,
    "auc": 0.6835329219462752,
    "prediction_error": 0.008210005745424406
  },
  "kill_rf_20Model.json": {
    "accuracy": 0.9956038384586906,
    "precision": 0.9238799348880078,
    "recall": 0.5639912037870912,
    "f1": 0.6908048663073397,
    "auc": 0.7818205574688156,
    "prediction_error": 0.004396161541309255
  },
  "kill_rf_30Model.json": {
    "accuracy": 0.995043643506537,
    "precision": 0.8990199209800759,
    "recall": 0.51220753694064,
    "f1": 0.6405790526288685,
    "auc": 0.7559028611904197,
    "prediction_error": 0.004956356493462928
  },
  "kill_rf_40Model.json": {
    "accuracy": 0.9950642908667858,
    "precision": 0.9005127812572887,
    "recall": 0.5105492419106513,
    "f1": 0.6392751368805035,
    "auc": 0.7550781014923739,
    "prediction_error": 0.004935709133214213
  },
  "kill_rf_50Model.json": {
    "accuracy": 0.995057862426857,
    "precision": 0.8930612966079092,
    "recall": 0.516451074411319,
    "f1": 0.6423906697315792,
    "auc": 0.7580186397983436,
    "prediction_error": 0.004942137573142976
  },
  "kill_rf_10Model.json": {
    "accuracy": 0.9956269495013973,
    "precision": 0.9229283604878004,
    "recall": 0.5674174213343969,
    "f1": 0.6932589045678106,
    "auc": 0.7835371440900901,
    "prediction_error": 0.004373050498602586
  },
  "kill_rf_1_2_Model.json": {
    "accuracy": 0.9909892046653939,
    "precision": 0.7406884094613049,
    "recall": 0.13222274387937405,
    "f1": 0.20867145022254696,
    "auc": 0.5659091126171288,
    "prediction_error": 0.009010795334606398
  },
  "kill_rf_2_2_Model.json": {
    "accuracy": 0.9919988921354291,
    "precision": 0.799296734180787,
    "recall": 0.24119863709545372,
    "f1": 0.35652889595110165,
    "auc": 0.6203565124909104,
    "prediction_error": 0.008001107864570865
  },
  "kill_rf_3_2_Model.json": {
    "accuracy": 0.9924871165611089,
    "precision": 0.8239188225697553,
    "recall": 0.27821444510896587,
    "f1": 0.40372465579386013,
    "auc": 0.6388826282326606,
    "prediction_error": 0.007512883438891131
  },
  "kill_rf_4_2_Model.json": {
    "accuracy": 0.9928387877191333,
    "precision": 0.8217617678347288,
    "recall": 0.31521290914947875,
    "f1": 0.44517437924219716,
    "auc": 0.6573572987686996,
    "prediction_error": 0.007161212280866709
  },
  "kill_rf_5_2_Model.json": {
    "accuracy": 0.9933243577007215,
    "precision": 0.8620750530383624,
    "recall": 0.34754443194037293,
    "f1": 0.4829316073413428,
    "auc": 0.6735647344445987,
    "prediction_error": 0.006675642299278373
  },
  "kill_pmt_1Model.json": {
    "accuracy": 0.9905192851232528,
    "precision": 0.24762522433728576,
    "recall": 0.10140516068427567,
    "f1": 0.14205577339354317,
    "auc": 0.550471476338945,
    "prediction_error": 0.00948071487674712
  },
  "kill_pmt_2Model.json": {
    "accuracy": 0.9905185779156835,
    "precision": 0.24754418129502476,
    "recall": 0.10128646210355714,
    "f1": 0.1419178752697282,
    "auc": 0.5504121551383091,
    "prediction_error": 0.009481422084316477
  },
  "kill_pmt_3Model.json": {
    "accuracy": 0.9905137311601551,
    "precision": 0.24754124871302594,
    "recall": 0.10121110599310523,
    "f1": 0.14184500409880543,
    "auc": 0.5503745596466023,
    "prediction_error": 0.009486268839845097
  },
  "kill_pmt_4Model.json": {
    "accuracy": 0.9905195484988413,
    "precision": 0.24744512315597675,
    "recall": 0.10148840625578948,
    "f1": 0.1420960537018037,
    "auc": 0.5505121819630037,
    "prediction_error": 0.009480451501158707
  },
  "kill_pmt_5Model.json": {
    "accuracy": 0.9905156344771749,
    "precision": 0.24764867435232554,
    "recall": 0.10137544147549542,
    "f1": 0.1420333744400251,
    "auc": 0.5504569812175181,
    "prediction_error": 0.009484365522825205
  },
  "kill_rf_10_2_Model.json": {
    "accuracy": 0.9940784605713455,
    "precision": 0.8717383964775559,
    "recall": 0.41968867139835053,
    "f1": 0.552335214964013,
    "auc": 0.7096327496514716,
    "prediction_error": 0.005921539428654445
  },
  "kill_pmt_10Model.json": {
    "accuracy": 0.9905087550127488,
    "precision": 0.2468711005981896,
    "recall": 0.10098289576215558,
    "f1": 0.1414784186093956,
    "auc": 0.550258812115219,
    "prediction_error": 0.009491244987251258
  },
  "kill_lr_10_Model.json": {
    "accuracy": 0.9896738832883095,
    "precision": 0.0,
    "recall": 0.0,
    "f1": 0.0,
    "auc": 0.5,
    "prediction_error": 0.010326116711690446
  },
  "kill_nb_10_Model.json": {
    "accuracy": 0.797482577628164,
    "precision": 0.08401045327091168,
    "recall": 0.5407962514233131,
    "f1": 0.038278241239976335,
    "auc": 0.6707458794715538,
    "prediction_error": 0.20251742237183593
  },
  "kill_pmbfl_1_2Model.json": {
    "accuracy": 0.9900399626126214,
    "precision": 0.58305219781972,
    "recall": 0.32775901023305615,
    "f1": 0.4018488273555389,
    "auc": 0.6623966175136835,
    "prediction_error": 0.009960037387378705
  },
  "kill_pmbfl_2_2Model.json": {
    "accuracy": 0.993914380124019,
    "precision": 0.8386706578609812,
    "recall": 0.5613042093316456,
    "f1": 0.6630725362744442,
    "auc": 0.7800577267538961,
    "prediction_error": 0.006085619875980941
  },
  "kill_pmbfl_3_2Model.json": {
    "accuracy": 0.994659800438244,
    "precision": 0.8794741310482334,
    "recall": 0.5278339138529716,
    "f1": 0.6499355893187732,
    "auc": 0.7635502349711313,
    "prediction_error": 0.0053401995617561185
  },
  "kill_pmbfl_4_2Model.json": {
    "accuracy": 0.9952545081263676,
    "precision": 0.8661408188534608,
    "recall": 0.636139325853741,
    "f1": 0.7282367522414149,
    "auc": 0.8175355317750771,