{
    "kill_lrModel.json": {
        "accuracy": 0.9616829099161783,
        "precision": 0.042096262837243256,
        "recall": 0.017038847206736804,
        "f1": 0.022325363114559224,
        "auc": 0.5084957432290255,
        "prediction_error": 0.03831709008382173
    },
    "kill_rfModel.json": {
        "accuracy": 0.9763565354849834,
        "precision": 0.7580212053852938,
        "recall": 0.5404847359125649,
        "f1": 0.6074337725547322,
        "auc": 0.7659872990600536,
        "prediction_error": 0.023643464515016824
    },
    "kill_nbModel.json": {
        "accuracy": 0.9183137275466482,
        "precision": 0.14152667222038331,
        "recall": 0.28569710772348866,
        "f1": 0.1269756338055489,
        "auc": 0.6167041450819466,
        "prediction_error": 0.08168627245335179
    },
    "kill_pmtModel.json": {
        "accuracy": 0.9650561202539453,
        "precision": 0.1431698268572742,
        "recall": 0.09131161001158991,
        "f1": 0.10683925137379732,
        "auc": 0.5417111300925962,
        "prediction_error": 0.03494387974605478
    },
    "kill_pmbflModel.json": {
        "accuracy": 0.9773416637977707,
        "precision": 0.7678359690854446,
        "recall": 0.6035739807216826,
        "f1": 0.6591036044748751,
        "auc": 0.7975464427319643,
        "prediction_error": 0.022658336202229287
    },
    "kill_pmbfl_2Model.json": {
        "accuracy": 0.9808974658813618,
        "precision": 0.8073296919183588,
        "recall": 0.6485317590892383,
        "f1": 0.7059728264602181,
        "auc": 0.8204504477197287,
        "prediction_error": 0.019102534118638246
    },
    "kill_pmbfl_1Model.json": {
        "accuracy": 0.9730665592813633,
        "precision": 0.6772957172133884,
        "recall": 0.5205924538366958,
        "f1": 0.5701675674057433,
        "auc": 0.75426358634391,
        "prediction_error": 0.026933440718636625
    },
    "kill_pmbfl_3Model.json": {
        "accuracy": 0.9824258843075371,
        "precision": 0.8097481304780783,
        "recall": 0.6612153103599144,
        "f1": 0.7158759396817006,
        "auc": 0.8270777421777655,
        "prediction_error": 0.017574115692462904
    },
    "kill_pmbfl_4Model.json": {
        "accuracy": 0.9719971197251258,
        "precision": 0.668248065505677,
        "recall": 0.5159259216304184,
        "f1": 0.5580633021280216,
        "auc": 0.7518466365237853,
        "prediction_error": 0.028002880274874284
    },
    "kill_pmbfl_5Model.json": {
        "accuracy": 0.9749230835222936,
        "precision": 0.6730179291379629,
        "recall": 0.5211548923028619,
        "f1": 0.5676039287666864,
        "auc": 0.7559708935988003,
        "prediction_error": 0.025076916477706445
    },
    "kill_rf_20Model.json": {
        "accuracy": 0.9811066905118009,
        "precision": 0.8146018954534138,
        "recall": 0.6175419988826623,
        "f1": 0.6829011919113289,
        "auc": 0.8056814523261614,
        "prediction_error": 0.018893309488199055
    },
    "kill_rf_30Model.json": {
        "accuracy": 0.9779633129600073,
        "precision": 0.7779333686111979,
        "recall": 0.5732762069081696,
        "f1": 0.6407395529820216,
        "auc": 0.7827499952676122,
        "prediction_error": 0.022036687039992654
    },
    "kill_rf_40Model.json": {
        "accuracy": 0.9780001333012772,
        "precision": 0.774731776019838,
        "recall": 0.5678968790757948,
        "f1": 0.6350008241234838,
        "auc": 0.7801764039583112,
        "prediction_error": 0.021999866698722847
    },
    "kill_rf_50Model.json": {
        "accuracy": 0.9780674493348497,
        "precision": 0.776641150727056,
        "recall": 0.569714207278241,
        "f1": 0.6363306477652941,
        "auc": 0.7811425415354415,
        "prediction_error": 0.02193255066515037
    },
    "kill_rf_10Model.json": {
        "accuracy": 0.980380864822682,
        "precision": 0.8141423300818391,
        "recall": 0.6093413500927995,
        "f1": 0.6802253110052412,
        "auc": 0.8015615216078341,
        "prediction_error": 0.019619135177318014
    },
    "kill_rf_1_2_Model.json": {
        "accuracy": 0.9666018713820194,
        "precision": 0.5728413350026145,
        "recall": 0.30902493655192853,
        "f1": 0.3552552134562613,
        "auc": 0.6503624540678672,
        "prediction_error": 0.03339812861798065
    },
    "kill_rf_2_2_Model.json": {
        "accuracy": 0.9695023067853433,
        "precision": 0.655412696690578,
        "recall": 0.39390670327181787,
        "f1": 0.4541935565290196,
        "auc": 0.6917384112787861,
        "prediction_error": 0.030497693214656712
    },
    "kill_rf_3_2_Model.json": {
        "accuracy": 0.9713128106445765,
        "precision": 0.6884504384695429,
        "recall": 0.42997032176773964,
        "f1": 0.49508634126215784,
        "auc": 0.7104568700810374,
        "prediction_error": 0.028687189355423554
    },
    "kill_rf_4_2_Model.json": {
        "accuracy": 0.9725248438628512,
        "precision": 0.7082661911607285,
        "recall": 0.4571624266705829,
        "f1": 0.5263795350840824,
        "auc": 0.7237707977838471,
        "prediction_error": 0.027475156137148748
    },
    "kill_rf_5_2_Model.json": {
        "accuracy": 0.9737375916657541,
        "precision": 0.7417577695316677,
        "recall": 0.4838767617379222,
        "f1": 0.5604306899173999,
        "auc": 0.73803173772431,
        "prediction_error": 0.026262408334245858
    },
    "kill_pmt_1Model.json": {
        "accuracy": 0.9624479926244881,
        "precision": 0.12363713816736281,
        "recall": 0.06504452259742245,
        "f1": 0.08226409073561357,
        "auc": 0.5294040592909494,
        "prediction_error": 0.037552007375511856
    },
    "kill_pmt_2Model.json": {
        "accuracy": 0.9635393883860603,
        "precision": 0.13110666949016575,
        "recall": 0.07685644014897017,
        "f1": 0.0929288199454411,
        "auc": 0.5344412719622451,
        "prediction_error": 0.03646061161393965
    },
    "kill_pmt_3Model.json": {
        "accuracy": 0.9633935522631902,
        "precision": 0.15860325580962725,
        "recall": 0.08447522537317863,
        "f1": 0.10331245340759855,
        "auc": 0.538052962211725,
        "prediction_error": 0.03660644773680963
    },
    "kill_pmt_4Model.json": {
        "accuracy": 0.9630441757480425,
        "precision": 0.15440376551393975,
        "recall": 0.08543806821748165,
        "f1": 0.10423142304850233,
        "auc": 0.5379971243034092,
        "prediction_error": 0.03695582425195767
    },
    "kill_pmt_5Model.json": {
        "accuracy": 0.9636748517128209,
        "precision": 0.1485089043445528,
        "recall": 0.09902876794223574,
        "f1": 0.11213946918468504,
        "auc": 0.544257821005551,
        "prediction_error": 0.03632514828717911
    },
    "kill_rf_10_2_Model.json": {
        "accuracy": 0.9746276827551855,
        "precision": 0.7399456243714441,
        "recall": 0.5093799904002301,
        "f1": 0.5793189747539356,
        "auc": 0.7505203307138334,
        "prediction_error": 0.02537231724481444
    },
    "kill_pmt_10Model.json": {
        "accuracy": 0.9647968885873174,
        "precision": 0.14768562606808264,
        "recall": 0.09194756996163515,
        "f1": 0.10830575191902377,
        "auc": 0.5419573343029358,
        "prediction_error": 0.03520311141268259
    },
    "kill_lr_10_Model.json": {
        "accuracy": 0.9618192908272944,
        "precision": 0.04031991876914765,
        "recall": 0.01562732233691465,
        "f1": 0.02083600832342994,
        "auc": 0.5077893074635413,
        "prediction_error": 0.03818070917270563
    },
    "kill_nb_10_Model.json": {
        "accuracy": 0.9147471880094202,
        "precision": 0.1211232507142906,
        "recall": 0.24111588088111474,
        "f1": 0.10056030297653801,
        "auc": 0.5923527674013481,
        "prediction_error": 0.08525281199057978
    },